ticker,news_sentiment_7d,news_sentiment_30d,news_sentiment_trend,news_volume_7d,news_volume_ratio,news_positive_pct,news_negative_pct,filing_count_30d,filing_sentiment,has_8k_recent,filing_risk_sentiment,mgmt_outlook,fda_event_recent,fda_sentiment,clinical_trial_active,regulatory_risk,days_to_earnings,earnings_surprise_last,guidance_sentiment,event_risk_score,sentiment_confidence,composite_sentiment
A,0.41399059258401394,-0.037061065528541805,0.45105165811255576,2,0.856,20.0,30.0,2,0.0032655881345272065,0,0.0,0.0016327940672636032,0,0,0,0.3,90,-0.6036864338649038,0,0.2822018814831972,0.8,0.14497085419396566
AAPL,0.1735688116401434,0.1735688116401434,0.0,10,4.28,20.0,10.0,1,0.0,1,0.0,0.0,0,0,0,0.3,90,6.33518047027108,0,0.27028623767197135,0.8,0.07025185477945681
ABBV,0.276181404106319,0.276181404106319,0.0,10,4.28,50.0,20.0,2,0.0008508700132369995,1,0.0,0.00042543500661849974,0,0,0,0.3,90,-0.7739630879142675,0,0.3097637191787362,0.8,0.09575780780931133
ABNB,0.18620679061859846,0.18620679061859846,0.0,10,4.28,40.0,30.0,0,0.0,0,0.0,0.0,0,0,0,0.3,90,-15.64994728121705,0,0.2077586418762803,0.8,0.04169745579468388
ABT,-0.00952615011483431,-0.00952615011483431,0.0,10,4.28,10.0,20.0,4,0.001701740026473999,1,0.0,0.0008508700132369995,0,0,0,0.3,90,0.3297796234579657,0,0.4830947699770331,0.3,-0.00232896109706286
ACGL,0.4319026384968311,0.4319026384968311,0.0,10,4.28,50.0,0.0,2,0.0,1,0.0,0.0,0,0,0,0.3,90,1.4738055518348427,0,0.2786194723006338,0.8,0.15337663180164315
ACN,0.6034357802942395,0.6034357802942395,0.0,10,4.28,70.0,10.0,1,0.0,1,0.0,0.0,0,0,0,0.3,90,3.263915076884041,0,0.1843128439411521,0.8,0.21609839571830988
ADBE,-0.27151072709821167,-0.27151072709821167,0.0,10,4.28,30.0,50.0,1,0.0,1,0.0,0.0,0,0,0,0.3,90,3.181603026660344,0,0.25069785458035765,0.8,-0.09025634994438356
ADI,0.06722000306472183,0.06722000306472183,0.0,10,4.28,40.0,40.0,0,0.0,0,0.0,0.0,0,0,0,0.3,90,6.550241037435517,0,0.23155599938705562,0.8,0.033352362628805914
ADM,0.03724696403369308,0.03724696403369308,0.0,10,4.28,30.0,50.0,0,0.0,0,0.0,0.0,0,0,0,0.3,90,9.171675596993385,0,0.23755060719326138,0.8,0.026793950807282654
ADP,0.417930157110095,0.417930157110095,0.0,10,4.28,60.0,10.0,1,0.0,1,0.0,0.0,0,0,0,0.3,90,2.2591069775909975,0,0.22141396857798096,0.8,0.14966421545491976
ADSK,-0.07925448473542929,-0.015609194431453944,-0.06364529030397534,7,2.996,30.0,40.0,1,0.0,1,0.0,0.0,0,0,0,0.3,90,7.813244762546055,0,0.28914910305291414,0.8,-0.016019202513581167
AEE,0.04101578787797027,0.1278677917085588,-0.08685200383058853,9,3.852,40.0,40.0,0,0.001595381274819374,0,0.0,0.000797690637409687,0,0,0,0.3,90,32.645116641194974,0,0.23679684242440596,0.8,0.06380181510152787
AEP,-0.06628987093323044,0.14211848569102586,-0.2084083566242563,7,2.996,30.0,20.0,1,0.0,1,0.0,0.0,0,0,0,0.3,90,3.5971724065884345,0,0.2917420258133539,0.8,-0.017805696216748
AES,0.14119950278351703,0.14552519228309393,-0.004325689499576901,3,1.284,20.0,10.0,1,0.0,1,0.0,0.0,0,0,0,0.3,90,33.03987911438144,0,0.2767600994432966,0.8,0.09897964464580312
AFL,-0.016597373923286796,-0.016597373923286796,0.0,10,4.28,10.0,20.0,1,0.0,1,0.0,0.0,0,0,0,0.3,90,-7.338003812716522,0,0.30168052521534267,0.8,-0.016816086592225162
AIG,-0.03561147823929787,-0.03561147823929787,0.0,10,4.28,10.0,30.0,1,0.0,1,0.0,0.0,0,0,0,0.3,90,3.0597167961047615,0,0.2978777043521404,0.8,-0.007874442189597111
AIZ,0.49939952459600234,0.5429164246656001,-0.04351690006959774,9,3.852,60.0,10.0,0,0.0,0,0.0,0.0,0,0,0,0.3,90,1.941615256716618,0,0.14512009508079954,0.8,0.17770225649367574
AJG,0.3354931510053575,0.3354931510053575,0.0,10,4.28,50.0,10.0,0,0.0,0,0.0,0.0,0,0,0,0.3,90,1.3995696909017243,0,0.1779013697989285,0.8,0.1195219573882277
AKAM,0.17387884472393328,0.23429260654374956,-0.06041376181981628,9,3.852,50.0,20.0,0,0.0,0,0.0,0.0,0,0,0,0.3,90,5.1164278695642285,0,0.21022423105521337,0.8,0.068532237457723
ALB,-0.20933116860687734,-0.20933116860687734,0.0,10,4.28,10.0,50.0,2,0.0,1,0.0,0.0,0,0,0,0.3,90,-8.597655929841826,0,0.3231337662786245,0.8,-0.0861623929071698
ALGN,0.43989755120128393,0.161288196220994,0.27860935498028994,6,2.568,40.0,30.0,1,0.0,1,0.0,0.0,0,0,0,0.3,90,10.809855004125893,0,0.2170204897597432,0.8,0.1701789254266382
ALL,0.29403802249580624,0.29403802249580624,0.0,10,4.28,40.0,10.0,3,0.0,1,0.0,0.0,0,0,0,0.3,90,45.087407305267554,0,0.36619239550083876,0.8,0.1705444188314335
ALLE,-0.14288586787879468,-0.14288586787879468,0.0,10,4.28,30.0,50.0,3,-0.002158248797059059,1,0.0,-0.0010791243985295296,0,0,0,0.3,90,-5.086318720141738,0,0.39642282642424104,0.8,-0.05828700647690846
ALNY,0.3943555399775505,0.3943555399775505,0.0,10,4.28,60.0,0.0,0,0.0,0,0.0,0.0,0,0,0,0.3,90,-16.49520348448815,0,0.1661288920044899,0.8,0.11328163376541045
AMAT,-0.3714621415361762,-0.3714621415361762,0.0,10,4.28,20.0,60.0,0,0.0,0,0.0,0.0,0,0,0,0.3,90,7.887579329102445,0,0.1707075716927648,0.8,-0.11818038054400798
AMCR,0.31403768006712196,0.43281789431348444,-0.11878021424636248,5,2.14,60.0,20.0,0,0.0010635875165462493,0,0.0,0.0005317937582731247,0,0,0,0.3,90,2.465120158225207,0,0.18219246398657563,0.8,0.11392994451579436
AMD,0.2430953119881451,0.2430953119881451,0.0,10,4.28,60.0,30.0,0,0.0,0,0.0,0.0,0,0,0,0.3,90,15.982018996793446,0,0.19638093760237096,0.8,0.10905638769104095
AME,0.10452406201511621,0.10452406201511621,0.0,10,4.28,20.0,10.0,0,0.0,0,0.0,0.0,0,0,0,0.3,90,3.3961254745419063,0,0.22409518759697677,0.8,0.04167760991710353
AMGN,0.02262480529025197,0.02262480529025197,0.0,10,4.28,20.0,20.0,1,0.0,1,0.0,0.0,0,0,0,0.3,90,11.938008773062082,0,0.3004750389419496,0.8,0.025825695011181312
AMP,-0.038250225875526664,-0.038250225875526664,0.0,10,4.28,40.0,40.0,1,0.0010635875165462493,1,0.0,0.0005317937582731247,0,0,0,0.3,90,10.250776455290667,0,0.2973499548248947,0.3,0.0023076618814655437
AMT,0.37466271352022884,0.37466271352022884,0.0,10,4.28,60.0,20.0,2,0.0,1,0.0,0.0,0,0,0,0.3,90,17.036433950742932,0,0.29006745729595423,0.8,0.15668660065819448
AMZN,-0.015204121669133505,-0.015204121669133505,0.0,9,4.28,20.0,20.0,3,0.0017726458609104156,1,0.0,0.0,0,0,0,0.3,90,-0.49091150325062827,0,0.4219591756661733,0.3,-0.005526016080799544
ANET,0.5337646272964776,0.5337646272964776,0.0,10,4.28,80.0,20.0,0,0.0,0,0.0,0.0,0,0,0,0.3,90,8.173711149807385,0,0.1382470745407045,0.8,0.1990781862784782
AON,-0.07425296492874622,0.16916030775755644,-0.24341327268630267,2,0.856,50.0,40.0,0,0.0,0,0.0,0.0,0,0,0,0.3,90,2.1633349482863853,0,0.23014940701425074,0.8,-0.0227435353026316
AOS,-0.2119660291022488,-0.34952575750648973,0.13755972840424094,7,2.996,10.0,50.0,1,0.0,1,0.0,0.0,0,0,0,0.3,90,6.945517200404017,0,0.26260679417955024,0.8,-0.06376983438518104
APA,0.2682547074343477,0.24658172270283102,0.021672984731516687,7,2.996,40.0,20.0,1,0.0,0,0.0,0.0,0,0,0,0.3,90,41.73130237049498,0,0.25134905851313044,0.8,0.15648610115776418
APD,0.4145183224696666,0.4145183224696666,0.0,10,4.28,50.0,10.0,0,0.0021271750330924986,0,0.0,0.0010635875165462493,0,0,0,0.3,90,3.9340347784330367,0,0.16209633550606667,0.8,0.15162061754196057
APH,0.4651892490684986,0.4651892490684986,0.0,10,4.28,60.0,10.0,1,0.004541893154382706,1,0.0,0.002270946577191353,0,0,0,0.3,90,11.957245006812496,0,0.21196215018630027,0.8,0.18211467263050807
APO,0.14014498684555293,0.14014498684555293,0.0,10,4.28,40.0,30.0,1,0.00042543500661849974,0,0.0,0.00021271750330924987,0,0,0,0.3,90,21.28056564863008,0,0.2769710026308894,0.8,0.08109922437087419
APP,0.48998319497331977,0.48998319497331977,0.0,10,4.28,60.0,10.0,1,0.0,0,0.0,0.0,0,0,0,0.3,90,10.051357300073374,0,0.20700336100533606,0.8,0.18657115419077197
APTV,-0.35650200330253157,-0.3143788098357618,-0.04212319346676979,7,2.996,0.0,40.0,3,0.0020779279193707876,0,0.0,0.0010389639596853938,0,0,0,0.3,90,0.21173770385815133,0,0.35369959933949363,0.3,-0.12383471622428757
ARE,0.04596155798062682,0.04596155798062682,0.0,10,4.28,40.0,20.0,3,0.0010635875165462493,1,0.0,0.0005317937582731247,0,0,0,0.3,90,50.0,0,0.4158076884038746,0.8,0.09140562154818326
ARES,0.08273706510663033,0.08273706510663033,0.0,10,4.28,40.0,30.0,2,0.0,0,0.0,0.0,0,0,0,0.3,90,-14.00425827190074,0,0.34845258697867393,0.8,0.007951585379469502
ARM,-0.49501363169401885,-0.49501363169401885,0.0,10,4.28,20.0,60.0,1,0.0,0,0.0,0.0,0,0,0,0.3,90,5.085657029741684,0,0.20599727366119625,0.8,-0.1656262855482941
ASML,-0.07761120349168778,-0.07761120349168778,0.0,10,4.28,40.0,50.0,2,0.0,0,0.0,0.0,0,0,0,0.3,90,7.989729648089411,0,0.3494777593016624,0.8,-0.015179326749956605
ATO,0.1955884500639513,0.32131979893893003,-0.12573134887497872,8,3.424,50.0,20.0,0,0.0,0,0.0,0.0,0,0,0,0.3,90,0.06889989829062239,0,0.20588230998720974,0.8,0.06855930736981888
AVB,0.6461579944007099,0.6461579944007099,0.0,10,4.28,80.0,0.0,1,0.0,1,0.0,0.0,0,0,0,0.3,90,-10.54609089505379,0,0.17576840111985803,0.8,0.21033616169766778
AVGO,0.17067352384328843,0.17067352384328843,0.0,10,4.28,30.0,20.0,3,0.0,1,0.0,0.0,0,0,0,0.3,90,1.3216294495022767,0,0.39086529523134234,0.8,0.061718177519404366
AVY,0.4764151057228446,0.4764151057228446,0.0,10,4.28,50.0,0.0,1,0.0,1,0.0,0.0,0,0,0,0.3,90,1.8082295672532005,0,0.20971697885543106,0.8,0.1694576313538754
AWK,-0.4630607005674392,0.03460795599967241,-0.4976686565671116,4,1.712,30.0,30.0,3,-0.001071812292294843,1,0.0,-0.0005359061461474215,0,0,0,0.3,90,-2.294503277861828,0,0.33238785988651215,0.8,-0.1658345438030849
AXON,-0.033985506277531385,-0.033985506277531385,0.0,10,4.28,30.0,40.0,1,0.0032655881345272065,0,0.0,0.0016327940672636032,0,0,0,0.3,90,34.50866798881387,0,0.29820289874449374,0.3,0.04084775122644298
AXP,0.11248956136405468,0.11248956136405468,0.0,10,4.28,30.0,10.0,3,0.0,1,0.0,0.0,0,0,0,0.3,90,7.177915339463516,0,0.40250208772718904,0.8,0.050138219486614406
AZO,0.23803045018576086,-0.12389443470165133,0.3619248848874122,4,1.712,20.0,50.0,0,0.0021271750330924986,0,0.0,0.0010635875165462493,0,0,0,0.3,90,1.2380872120503648,0,0.19739390996284784,0.8,0.0858059408930196
BA,0.44746411545202136,0.44746411545202136,0.0,10,4.28,70.0,20.0,3,0.0,1,0.0,0.0,0,0,0,0.3,90,50.0,0,0.3355071769095957,0.8,0.23161244040820744
BAC,0.29397722650319336,0.29397722650319336,0.0,10,4.28,50.0,20.0,0,0.0,0,0.0,0.0,0,0,0,0.3,90,8.776606169887508,0,0.1862045546993613,0.8,0.11605693853094892
BALL,0.32658415706828237,0.22105703735724092,0.10552711971104145,4,1.712,40.0,20.0,1,0.0,1,0.0,0.0,0,0,0,0.3,90,1.5069883657374896,0,0.23968316858634353,0.8,0.11656493752250506
BAX,-0.6445773215964437,-0.5582612238824367,-0.08631609771400695,7,2.996,10.0,70.0,0,0.0,0,0.0,0.0,0,0,0,0.3,90,-17.79695848746403,0,0.11608453568071127,0.8,-0.2522975002899513
BBY,-0.3624300321098417,-0.3624300321098417,0.0,10,4.28,20.0,50.0,1,0.0,1,0.0,0.0,0,0,0,0.3,90,5.831691117436677,0,0.23251399357803165,0.8,-0.11810297456228958
BDX,-0.09865728938685996,-0.1246962835546583,0.02603899416779834,7,2.996,20.0,40.0,3,0.0,1,0.0,0.0,0,0,0,0.3,90,3.8818246074980562,0,0.40526854212262803,0.8,-0.028707314374153897
BEN,0.4943857196718454,0.4943857196718454,0.0,10,4.28,70.0,20.0,2,0.0,1,0.0,0.0,0,0,0,0.3,90,28.6418321495869,0,0.2661228560656309,0.8,0.21599775010952624
BF-B,-0.6746096568596032,-0.5508415288291871,-0.12376812803041604,9,3.852,10.0,70.0,1,0.0,1,0.0,0.0,0,0,0,0.3,90,24.67755803955287,0,0.17007806862807934,0.8,-0.1990970428415318
BG,0.13293670509010552,0.13293670509010552,0.0,10,4.28,30.0,20.0,4,0.0007090583443641662,1,0.0,0.0003545291721820831,0,0,0,0.3,90,50.0,0,0.45841265898197886,0.8,0.12174056428484617
BIIB,0.11351979244500399,0.11351979244500399,0.0,10,4.28,40.0,30.0,4,-0.0021985761821269986,1,0.0,-0.0010992880910634993,0,0,0,0.3,90,23.60768237326749,0,0.4622960415109992,0.3,0.07448387806101453
BK,0.4384740734738963,0.4996376012451947,-0.06116352777129841,7,2.996,60.0,0.0,3,0.006151705235242844,1,0.0,0.0,0,0,0,0.3,90,16.541061300598244,0,0.33730518530522074,0.8,0.1801230292373339
BKNG,0.177209232468158,0.177209232468158,0.0,10,4.28,50.0,30.0,5,-0.0026382914185523985,1,0.0,-0.0013191457092761993,0,0,0,0.3,90,5.671010919337797,0,0.5095581535063685,0.3,0.06973826031729627
BKR,0.44040107894688846,0.44040107894688846,0.0,10,4.28,70.0,20.0,2,0.0,1,0.0,0.0,0,0,0,0.3,90,17.494530427031833,0,0.2769197842106223,0.8,0.18038217327195868
BLDR,-0.08010688796639442,-0.3813812961801887,0.30127440821379425,5,2.14,10.0,60.0,0,0.0,0,0.0,0.0,0,0,0,0.3,90,-12.254587048150295,0,0.22897862240672112,0.8,-0.04641929136046349
BLK,0.23693031966686248,0.23693031966686248,0.0,10,4.28,50.0,20.0,0,0.0,0,0.0,0.0,0,0,0,0.3,90,8.997466874512854,0,0.19761393606662753,0.8,0.09642181219517114
BMY,0.45840150909498334,0.45840150909498334,0.0,10,4.28,50.0,0.0,0,0.0,0,0.0,0.0,0,0,0,0.3,90,4.570389981160727,0,0.15331969818100333,0.8,0.16729611315498527
BR,0.19994956125608748,0.08344542146660387,0.11650413978948361,9,3.852,40.0,30.0,0,0.0,0,0.0,0.0,0,0,0,0.3,90,16.808698207464012,0,0.2050100877487825,0.8,0.09519539375082663
BRK-B,-0.2098880222067237,-0.2098880222067237,0.0,10,4.28,20.0,40.0,1,0.0,1,0.0,0.0,0,0,0,0.3,90,-8.484726485833615,0,0.26302239555865525,0.8,-0.08618789750110371
BRO,0.6019129580818117,0.6019129580818117,0.0,10,4.28,60.0,0.0,3,0.0,1,0.0,0.0,0,0,0,0.3,90,2.2984022314298866,0,0.30461740838363766,0.8,0.21411713867577892
BSX,-0.2816648091189563,-0.2816648091189563,0.0,10,4.28,20.0,60.0,1,0.0,1,0.0,0.0,0,0,0,0.3,90,1.6234343639643318,0,0.24866703817620872,0.8,-0.0961475316456882
BX,-0.11728723999112844,-0.11728723999112844,0.0,10,4.28,30.0,50.0,1,0.0,1,0.0,0.0,0,0,0,0.3,90,1.6875649566706445,0,0.2815425520017743,0.8,-0.03851918656188899
BXP,0.39752543028444054,0.39752543028444054,0.0,10,4.28,50.0,10.0,1,0.0,1,0.0,0.0,0,0,0,0.3,90,50.0,0,0.22549491394311189,0.8,0.21413390059955417
C,0.23315915251150726,0.23315915251150726,0.0,10,4.28,60.0,30.0,0,0.0,0,0.0,0.0,0,0,0,0.3,90,17.91440863693962,0,0.19836816949769853,0.8,0.10847731633443697
CAG,-0.2964087291620672,-0.1498480696696788,-0.14656065949238836,6,2.568,30.0,50.0,3,0.0,0,0.0,0.0,0,0,0,0.3,90,-2.607132154629908,0,0.3657182541675866,0.8,-0.10765375343866836
CAH,0.2441946522332728,0.2441946522332728,0.0,10,4.28,50.0,10.0,0,0.0,0,0.0,0.0,0,0,0,0.3,90,11.171229055002275,0,0.19616106955334545,0.8,0.10222497186414889
CARR,0.007170405355282128,0.031173840630799532,-0.024003435275517404,8,3.424,20.0,20.0,1,0.0010635875165462493,1,0.0,0.0005317937582731247,0,0,0,0.3,90,-4.537286612758297,0,0.3035659189289436,0.8,-0.003977211789824827
CASY,0.3281896721261243,0.21136499652639032,0.116824675599734,6,2.568,40.0,20.0,0,0.0,0,0.0,0.0,0,0,0,0.3,90,16.87446209282311,0,0.17936206557477513,0.8,0.14017807838337815
CAT,0.3679950078949332,0.3679950078949332,0.0,10,4.28,40.0,0.0,2,0.0014181166887283325,0,0.0,0.0007090583443641662,0,0,0,0.3,90,9.506013280787434,0,0.29140099842101336,0.8,0.14348270769102628
CB,0.28029081793501975,0.28029081793501975,0.0,10,4.28,50.0,30.0,2,0.0010635875165462493,1,0.0,0.0005317937582731247,0,0,0,0.3,90,3.2405732425260405,0,0.30894183641299605,0.8,0.10328172239600984
CBOE,0.4041911634616554,0.4041911634616554,0.0,10,4.28,60.0,30.0,0,0.0,0,0.0,0.0,0,0,0,0.3,90,3.762580365135771,0,0.1641617673076689,0.8,0.14711077775928302
CBRE,0.7592672683298588,0.7592672683298588,0.0,10,4.28,90.0,0.0,3,0.0,1,0.0,0.0,0,0,0,0.3,90,42.05297428929397,0,0.27314654633402824,0.8,0.3288230053493915
CCEP,0.8908302811905742,0.8908302811905742,0.0,2,4.28,60.0,0.0,10,0.0,0,0.0,0.0,0,0,0,0.3,90,0.0,0,0.36683394376188516,0.8,0.3117905984167009
CCI,0.43160279881623054,0.4816781558096409,-0.05007535699341037,9,3.852,50.0,0.0,1,0.0,1,0.0,0.0,0,0,0,0.3,90,13.713581924743048,0,0.2186794402367539,0.8,0.17163135247279526
CCL,-0.029627547319978475,-0.029627547319978475,0.0,10,4.28,30.0,50.0,1,0.0010635875165462493,1,0.0,0.0005317937582731247,0,0,0,0.3,90,8.938395337436683,0,0.29907449053600427,0.3,0.003357027699126434
CDNS,0.5556370430625975,0.5556370430625975,0.0,10,4.28,70.0,10.0,1,0.0,1,0.0,0.0,0,0,0,0.3,90,3.975470276808166,0,0.19387259138748048,0.8,0.20043617048712137
CDW,0.26141717936843634,0.3180381209589541,-0.05662094159051778,4,1.712,40.0,10.0,0,0.0,0,0.0,0.0,0,0,0,0.3,90,5.130533670405535,0,0.19271656412631272,0.8,0.09919181328456102
CEG,0.13867854070849717,0.13867854070849717,0.0,10,4.28,20.0,20.0,2,0.003998185601085425,1,0.0,0.0019990928005427125,0,0,0,0.3,90,2.4143059427014193,0,0.3372642918583006,0.8,0.053358403842351756
CF,0.4635075978934765,0.4635075978934765,0.0,10,4.28,70.0,20.0,0,0.0021271750330924986,0,0.0,0.0,0,0,0,0.3,90,10.408682641112103,0,0.1522984804213047,0.8,0.17847883573431267
CFG,0.03889784275088459,-0.05010318113490939,0.08900102388579398,8,3.424,30.0,40.0,2,0.0,1,0.0,0.0,0,0,0,0.3,90,3.7334875565714696,0,0.3572204314498231,0.8,0.019214476297666813
CHD,0.04253925534430891,-0.008889191877096891,0.051428447221405806,8,3.424,40.0,40.0,0,0.0,0,0.0,0.0,0,0,0,0.3,90,3.0174530731543627,0,0.23649214893113824,0.8,0.019414918980239664
CHRW,0.1913189822807908,0.1913189822807908,0.0,10,4.28,30.0,10.0,1,0.0,1,0.0,0.0,0,0,0,0.3,90,9.215865602329943,0,0.26673620354384187,0.8,0.0807854422017717
CHTR,-0.34852822292596103,-0.34852822292596103,0.0,10,4.28,20.0,60.0,3,0.0,1,0.0,0.0,0,0,0,0.3,90,-9.065035853365636,0,0.35529435541480775,0.8,-0.1355824318041348
CI,0.006188357435166836,0.006188357435166836,0.0,10,4.28,20.0,30.0,1,0.0,1,0.0,0.0,0,0,0,0.3,90,2.5015191283311404,0,0.30376232851296664,0.8,0.005918203794805103
CIEN,0.41574508547782896,0.41574508547782896,0.0,10,4.28,60.0,10.0,1,0.0,0,0.0,0.0,0,0,0,0.3,90,15.549545077161417,0,0.22185098290443422,0.8,0.16883509753298226
CINF,0.5282037534750998,0.5282037534750998,0.0,10,4.28,60.0,0.0,2,0.0,1,0.0,0.0,0,0,0,0.3,90,8.23961157442247,0,0.25935924930498,0.8,0.19723073107791864
CL,0.03696143142879009,0.03696143142879009,0.0,10,4.28,50.0,40.0,1,0.0,0,0.0,0.0,0,0,0,0.3,90,4.188372577620331,0,0.297607713714242,0.8,0.019219059866507026
CLX,-0.43419391810894015,-0.3764096537604928,-0.057784264348447356,5,2.14,20.0,60.0,1,-0.008794304728507995,0,0.0,-0.004397152364253997,0,0,0,0.3,90,-3.036560099893275,0,0.21816121637821195,0.8,-0.15916100290652135
CMCSA,-0.19003028189763427,-0.19003028189763427,0.0,10,4.28,30.0,50.0,2,0.0,1,0.0,0.0,0,0,0,0.3,90,8.299289885668856,0,0.3269939436204731,0.8,-0.054061663835668704
CME,-0.21965529704466463,-0.21965529704466463,0.0,10,4.28,30.0,60.0,3,0.0,1,0.0,0.0,0,0,0,0.3,90,-0.25263395388466237,0,0.38106894059106705,0.8,-0.0772583048964596
CMG,0.40743521228432655,0.40743521228432655,0.0,10,4.28,60.0,10.0,2,0.0,1,0.0,0.0,0,0,0,0.3,90,4.892170848367879,0,0.28351295754313466,0.8,0.1499405805720661
CMI,0.047947146308918796,0.009526691865175962,0.038420454443742834,9,3.852,40.0,50.0,0,0.0,0,0.0,0.0,0,0,0,0.3,90,-14.889036830922201,0,0.23541057073821625,0.8,-0.005552054038261724
CMS,0.21013955986127258,0.21013955986127258,0.0,10,4.28,50.0,20.0,2,0.0021271750330924986,1,0.0,0.0010635875165462493,0,0,0,0.3,90,2.7132663727673436,0,0.3229720880277455,0.8,0.07825689802052417
CNC,0.38507622657343743,0.38507622657343743,0.0,10,4.28,60.0,20.0,2,0.0,1,0.0,0.0,0,0,0,0.3,90,50.0,0,0.2879847546853125,0.8,0.2097766793007031
CNP,0.021389294881373644,0.021389294881373644,0.0,10,4.28,30.0,30.0,3,0.0012155285903385706,1,0.0,0.0006077642951692853,0,0,0,0.3,90,1.0958063293195925,0,0.42072214102372524,0.8,0.009494621279561735
COF,0.031177899427711965,0.031177899427711965,0.0,10,4.28,40.0,50.0,4,0.0,1,0.0,0.0,0,0,0,0.3,90,-3.335578630601944,0,0.4787644201144576,0.8,0.005908896853796271
COHR,-0.011631232406944036,-0.011631232406944036,0.0,10,4.28,20.0,40.0,1,0.0,1,0.0,0.0,0,0,0,0.3,90,6.818144179653221,0,0.3026737535186112,0.8,0.00615628492704942
COIN,-0.2326154453214258,-0.2326154453214258,0.0,10,4.28,20.0,60.0,1,0.0,0,0.0,0.0,0,0,0,0.3,90,-50.0,0,0.25847691093571484,0.8,-0.15641540586249902
COO,-0.1826506924505035,-0.4099928021430969,0.2273421096925934,3,1.284,10.0,50.0,1,0.0,0,0.0,0.0,0,0,0,0.3,90,7.053877296792287,0,0.2684698615098993,0.8,-0.05334692641248779
COP,0.5051368655636906,0.5051368655636906,0.0,10,4.28,70.0,20.0,0,0.0,0,0.0,0.0,0,0,0,0.3,90,-6.467497455365738,0,0.14397262688726187,0.8,0.16709665676424312
COR,0.4141145710212489,0.420621209545061,-0.006506638523812114,6,2.568,60.0,10.0,0,0.0013294843956828117,0,0.0,0.0006647421978414059,0,0,0,0.3,90,0.9908489419475833,0,0.16217708579575024,0.8,0.14682521858906333
COST,0.39871744541451337,0.39871744541451337,0.0,10,4.28,50.0,0.0,1,0.0,0,0.0,0.0,0,0,0,0.3,90,0.7773941782351652,0,0.2252565109170973,0.8,0.14071719716243242
CPAY,0.3297560093924403,0.4802581317722797,-0.1505021223798394,3,1.284,60.0,10.0,1,0.004081985168159008,1,0.0,0.002040992584079504,0,0,0,0.3,90,1.6756278133343243,0,0.23904879812151192,0.8,0.11915264055780328
CPB,-0.5591789269819856,-0.5335621290840209,-0.02561679789796467,8,3.424,0.0,70.0,0,0.0,0,0.0,0.0,0,0,0,0.3,90,-10.634495084897233,0,0.1331642146036029,0.8,-0.2116643670710408
CPRT,0.2498728847131133,0.011276790406554937,0.23859609430655837,5,2.14,40.0,40.0,0,0.0,0,0.0,0.0,0,0,0,0.3,90,-8.123420871296231,0,0.19502542305737736,0.8,0.0752703783426453
CPT,-0.03558593367536863,-0.20368657043824592,0.1681006367628773,3,2.14,40.0,30.0,1,0.0,0,0.0,0.0,0,0,0,0.3,90,39.93778935185186,0,0.29788281326492627,0.8,0.04745160724139877
CRH,-0.35302960127592087,0.07966885603964328,-0.43269845731556417,2,0.856,40.0,30.0,0,0.0,0,0.0,0.0,0,0,0,0.3,90,-1.793923743568671,0,0.17439407974481586,0.8,-0.1262512460619253
CRL,-0.3358925157226622,0.15987620232626795,-0.4957687180489302,2,0.856,50.0,30.0,0,0.0007090583443641662,0,0.0,0.0003545291721820831,0,0,0,0.3,90,1.9085466732615908,0,0.17782149685546755,0.3,-0.11448684298973012
CRM,-0.1502678412012756,-0.1502678412012756,0.0,10,4.28,30.0,50.0,0,0.0,0,0.0,0.0,0,0,0,0.3,90,24.850081594935215,0,0.21494643175974487,0.8,-0.015318622028043634
CRWD,-0.32254909528419373,-0.32254909528419373,0.0,10,4.28,20.0,60.0,2,0.0,1,0.0,0.0,0,0,0,0.3,90,1.5615081883965987,0,0.3004901809431612,0.8,-0.11054992106687289
CSCO,0.19790689693763852,0.19790689693763852,0.0,10,4.28,50.0,30.0,1,0.0,0,0.0,0.0,0,0,0,0.3,90,1.7473144579020474,0,0.2654186206124723,0.8,0.07188838561502656
CSGP,0.239947129227221,0.239947129227221,0.0,10,4.28,50.0,30.0,2,0.0,1,0.0,0.0,0,0,0,0.3,90,24.803299148081827,0,0.31701057415455575,0.8,0.12118644395165008
CSX,0.3595316936261952,0.3595316936261952,0.0,10,4.28,70.0,30.0,2,0.0,1,0.0,0.0,0,0,0,0.3,90,10.599552457624931,0,0.29309366127476094,0.8,0.14173542145560572
CTAS,0.062224282417446375,-0.0804504937492311,0.14267477616667748,4,1.712,20.0,30.0,2,0.0007090583443641662,0,0.0,0.0003545291721820831,0,0,0,0.3,90,0.39754187953914044,0,0.3525551435165107,0.8,0.02258752916872419
CTRA,0.17520329914987087,0.11528494181111455,0.05991835733875632,6,2.568,40.0,30.0,3,0.001595381274819374,1,0.0,0.000797690637409687,0,0,0,0.3,90,-16.909900504932143,0,0.3899593401700258,0.8,0.0364349183275024
CTSH,0.3980280750896782,0.3980280750896782,0.0,10,4.28,60.0,20.0,2,0.0,1,0.0,0.0,0,0,0,0.3,90,4.977429852581686,0,0.2853943849820644,0.8,0.14677597106025989
CTVA,0.05783143900334835,0.3381342999637127,-0.28030286096036433,5,2.14,50.0,10.0,1,0.0,0,0.0,0.0,0,0,0,0.3,90,-1.5968153151138302,0,0.29343371219933034,0.8,0.017845780678501174
CVNA,0.5252236458472908,0.5252236458472908,0.0,10,4.28,60.0,10.0,2,0.0,1,0.0,0.0,0,0,0,0.3,90,50.0,0,0.2599552708305418,0.8,0.25882827604655173
CVS,0.2187356329523027,0.2187356329523027,0.0,10,4.28,50.0,30.0,0,0.0,0,0.0,0.0,0,0,0,0.3,90,9.375156787782107,0,0.20125287340953946,0.8,0.0906202067149791
CVX,0.45798803512006997,0.45798803512006997,0.0,10,4.28,70.0,30.0,1,0.0,0,0.0,0.0,0,0,0,0.3,90,5.204144489586873,0,0.213402392975986,0.8,0.16810202902640478
D,0.1615993642481044,-0.013105846662074327,0.1747052109101787,8,3.424,20.0,30.0,1,0.0,0,0.0,0.0,0,0,0,0.3,90,1.4017297942141478,0,0.27268012715037915,0.8,0.05866237217815776
DAL,-0.3841322432272136,-0.3841322432272136,0.0,10,4.28,20.0,70.0,2,0.001595381274819374,0,0.0,0.000797690637409687,0,0,0,0.3,90,11.348887381039374,0,0.28817355135455724,0.3,-0.11694433967551987
DASH,-0.20447773979976774,-0.20447773979976774,0.0,10,4.28,0.0,30.0,0,0.0,0,0.0,0.0,0,0,0,0.3,90,-17.729329494035373,0,0.20410445204004646,0.8,-0.09816120317097177
DD,0.31242320127785206,0.6494466210715473,-0.3370234197936952,1,0.428,80.0,10.0,1,0.0,0,0.0,0.0,0,0,0,0.3,90,6.594985401121574,0,0.24251535974442961,0.8,0.11924059854893057
DDOG,0.3557251965627074,0.3557251965627074,0.0,10,4.28,60.0,20.0,1,0.0,1,0.0,0.0,0,0,0,0.3,90,6.333129077605153,0,0.23385496068745854,0.8,0.1340035124133553
DE,-0.29265408534556625,-0.29265408534556625,0.0,10,4.28,10.0,40.0,0,0.0,0,0.0,0.0,0,0,0,0.3,90,15.420569662514062,0,0.18646918293088677,0.8,-0.07929807537717709
DECK,-0.37533665671944616,-0.37533665671944616,0.0,10,4.28,10.0,60.0,0,0.0,0,0.0,0.0,0,0,0,0.3,90,20.474081792133376,0,0.16993266865611079,0.8,-0.10065670716360609
DELL,0.6324537221342326,0.6324537221342326,0.0,10,4.28,70.0,10.0,1,0.0,1,0.0,0.0,0,0,0,0.3,90,10.738188163824205,0,0.1785092555731535,0.8,0.2374660849927177
DG,0.3426014296710491,0.2152412394993007,0.1273601901717484,8,3.424,50.0,30.0,0,0.0021271750330924986,0,0.0,0.0010635875165462493,0,0,0,0.3,90,17.845323433512032,0,0.17647971406579016,0.8,0.14731663804506298
DGX,0.7398242838680744,0.5532599192578346,0.18656436461023984,5,2.14,80.0,10.0,2,-0.006595728546380996,1,0.0,-0.003297864273190498,0,0,0,0.3,90,5.612680280845239,0,0.21703514322638512,0.3,0.26537880121117957
DHI,-0.02730308547616005,-0.02730308547616005,0.0,10,4.28,40.0,40.0,3,0.0,1,0.0,0.0,0,0,0,0.3,90,4.726239065692344,0,0.419539382904768,0.8,-0.0024667213181175027
DHR,-0.02737793354317546,-0.02737793354317546,0.0,10,4.28,50.0,50.0,4,0.0,1,0.0,0.0,0,0,0,0.3,90,6.451146158457186,0,0.4795244132913649,0.8,9.444249757436726e-05
DIA,-0.9357891976833344,-0.28963610902428627,-0.6461530886590481,1,0.428,30.0,60.0,0,0.0,0,0.0,0.0,0,0,0,0.3,90,0.0,0,0.057842160463333125,0.8,-0.327526219189167
DIS,-0.03106881454586983,-0.03106881454586983,0.0,10,4.28,0.0,20.0,0,0.0014181166887283325,0,0.0,0.0007090583443641662,0,0,0,0.3,90,3.439522782078931,0,0.23878623709082603,0.3,-0.005289365911317543
DLR,0.5788967558182776,0.5788967558182776,0.0,10,4.28,70.0,10.0,1,0.0,1,0.0,0.0,0,0,0,0.3,90,2.7106685124815884,0,0.18922064883634448,0.8,0.20667986730511953
DLTR,-0.18325111948485887,-0.2877216256223619,0.10447050613750306,7,2.996,20.0,60.0,0,0.004081985168159008,0,0.0,0.002040992584079504,0,0,0,0.3,90,1.1266136805347022,0,0.20834977610302824,0.3,-0.06122337574845085
DOC,-0.41108981147408485,0.04865237811787261,-0.45974218959195745,1,0.47555555555555556,10.0,20.0,0,0.0014181166887283325,0,0.0,0.0007090583443641662,0,0,0,0.3,90,50.0,0,0.162782037705183,0.3,-0.06845599900931117
DOV,0.649233041703701,0.649233041703701,0.0,10,4.28,70.0,0.0,3,0.0,1,0.0,0.0,0,0,0,0.3,90,0.4237176155533418,0,0.2951533916592598,0.8,0.22786714101962535
DOW,-0.20712942089885472,-0.20712942089885472,0.0,10,4.28,10.0,50.0,3,0.0,1,0.0,0.0,0,0,0,0.3,90,50.0,0,0.38357411582022904,0.8,0.0025047026854008447
DPZ,-0.46425173096358774,-0.46425173096358774,0.0,10,4.28,10.0,60.0,4,0.0,1,0.0,0.0,0,0,0,0.3,90,-3.3214806561030383,0,0.39214965380728245,0.8,-0.16747032682141025
DRI,0.4292846596799791,0.1181052003055811,0.311179459374398,4,1.712,60.0,40.0,0,0.0,0,0.0,0.0,0,0,0,0.3,90,0.29408264912371085,0,0.1591430680640042,0.8,0.15069075486167824
DTE,0.27323977975174785,0.27323977975174785,0.0,10,4.28,40.0,20.0,0,0.0,0,0.0,0.0,0,0,0,0.3,90,8.288322581068577,0,0.19035204404965045,0.8,0.1080664067847146
DUK,0.3564996184781194,0.3564996184781194,0.0,10,4.28,50.0,20.0,1,0.002127175033092499,0,0.0,0.0010635875165462495,0,0,0,0.3,90,0.4910663442020044,0,0.23370007630437611,0.8,0.12614961849357254
DVA,0.5976573629304767,0.40897767888382075,0.18867968404665592,5,2.14,50.0,20.0,0,0.0,0,0.0,0.0,0,0,0,0.3,90,6.5086162337926785,0,0.12546852741390468,0.8,0.21894300137635583
DVN,0.30380413280799984,0.30380413280799984,0.0,10,4.28,40.0,10.0,4,0.0,1,0.0,0.0,0,0,0,0.3,90,-0.8092513517763713,0,0.4242391734384,0.8,0.10511756945513538
DXCM,-0.17803055339027196,-0.2013305490836501,0.02329999569337815,8,3.424,10.0,40.0,0,0.0,0,0.0,0.0,0,0,0,0.3,90,4.502843092054727,0,0.20939388932194564,0.8,-0.055556429048513094
EA,0.5352973472326994,0.26003965297713877,0.2752576942555606,3,1.284,60.0,30.0,0,0.0,0,0.0,0.0,0,0,0,0.3,90,-50.0,0,0.13794053055346012,0.8,0.11235407153144479
EBAY,0.23811254007741808,0.23811254007741808,0.0,10,4.28,40.0,20.0,2,0.0,1,0.0,0.0,0,0,0,0.3,90,4.43902908738064,0,0.31737749198451637,0.8,0.08999793265816729
ECL,0.24420598484575748,0.24420598484575748,0.0,10,4.28,40.0,20.0,2,0.0003545291721820831,1,0.0,0.00017726458609104156,0,0,0,0.3,90,0.12250282698830686,0,0.3161588030308485,0.8,0.08576220768815221
ED,0.24632377699017524,0.2144739949144423,0.03184978207573294,5,2.14,50.0,30.0,0,0.0,0,0.0,0.0,0,0,0,0.3,90,3.441462592545244,0,0.19573524460196495,0.8,0.09137551583537919
EFX,0.4855905011296272,0.4855905011296272,0.0,10,4.28,70.0,10.0,3,0.0,1,0.0,0.0,0,0,0,0.3,90,9.696976845681125,0,0.32788189977407456,0.8,0.1845021406638912
EG,-0.053811627952381966,-0.053811627952381966,0.0,10,4.28,10.0,20.0,2,0.0,1,0.0,0.0,0,0,0,0.3,90,-4.098106335383242,0,0.35423767440952364,0.8,-0.02498122928640855
EIX,0.1537817820906639,0.1537817820906639,0.0,10,4.28,50.0,30.0,5,0.0,1,0.0,0.0,0,0,0,0.3,90,7.13585127733095,0,0.5142436435818672,0.8,0.06452740064772879
EL,0.19430669717904595,0.17398468544706702,0.020322011731978923,9,3.852,50.0,30.0,1,0.005442646890878678,0,0.0,0.002721323445439339,0,0,0,0.3,90,6.5983159861541925,0,0.26613866056419083,0.8,0.07953761205916096
ELV,0.5369277050718665,0.5369277050718665,0.0,10,4.28,70.0,10.0,2,0.0,1,0.0,0.0,0,0,0,0.3,90,16.36016523513447,0,0.2576144589856267,0.8,0.21246494462785495
EME,0.499527247203514,0.499527247203514,0.0,10,4.28,70.0,10.0,2,0.0021271750330924986,1,0.0,0.0010635875165462493,0,0,0,0.3,90,15.845221299939203,0,0.2650945505592972,0.8,0.19924052098106643
EMR,-0.14249443129769393,-0.023114131204783915,-0.11938030009291001,7,2.996,20.0,40.0,0,0.0,0,0.0,0.0,0,0,0,0.3,90,3.394307647637867,0,0.21650111374046122,0.8,-0.04478158948273607
EOG,0.008451244002208114,0.008451244002208114,0.0,10,4.28,20.0,30.0,1,0.0,0,0.0,0.0,0,0,0,0.3,90,3.3782368317986053,0,0.3033097511995584,0.8,0.008025290648470748
EPAM,-0.4058443596586585,-0.10769335622899234,-0.29815100342966616,2,1.07,20.0,50.0,1,0.0,0,0.0,0.0,0,0,0,0.3,90,3.2269504668961217,0,0.22383112806826827,0.8,-0.13720510018018628
EQIX,0.40850282786414027,0.40850282786414027,0.0,10,4.28,40.0,0.0,2,0.0005317937582731247,1,0.0,0.0002658968791365623,0,0,0,0.3,90,-13.024420304615642,0,0.2832994344271719,0.8,0.12359889742300754
EQR,0.4175539577586783,0.3775651125237346,0.039988845234943726,9,3.852,50.0,10.0,2,0.0,1,0.0,0.0,0,0,0,0.3,90,-20.083653318705426,0,0.2814892084482643,0.8,0.11601840523747925
EQT,0.2639358533546329,0.2639358533546329,0.0,10,4.28,50.0,20.0,4,0.0012763050198554991,1,0.0,0.0006381525099277496,0,0,0,0.3,90,11.223554571144897,0,0.4322128293290734,0.8,0.10959577203679549
ERIE,0.18858836218714714,0.08929348737001419,0.09929487481713295,4,1.712,40.0,30.0,2,0.0,1,0.0,0.0,0,0,0,0.3,90,-5.264705882352949,0,0.32728232756257053,0.8,0.058108867941972064
ES,0.21374253975227475,0.16747203264385463,0.04627050710842012,8,3.424,50.0,40.0,1,0.0021271750330924986,0,0.0,0.0010635875165462493,0,0,0,0.3,90,1.635238389081485,0,0.26225149204954507,0.8,0.07790089900684613
ESS,0.28781230623523396,0.2817691408097744,0.0060431654254595735,9,3.852,50.0,10.0,2,0.0,1,0.0,0.0,0,0,0,0.3,90,15.54783680443703,0,0.30743753875295315,0.8,0.12405606238898742
ETN,0.34168191419707405,0.3106615098193288,0.03102040437774528,9,3.852,50.0,30.0,1,0.0,1,0.0,0.0,0,0,0,0.3,90,0.34472783375921767,0,0.2366636171605852,0.8,0.12010576171961473
ETR,-0.03357815397903323,-0.03357815397903323,0.0,10,4.28,30.0,30.0,1,0.0,1,0.0,0.0,0,0,0,0.3,90,2.2592152199762205,0,0.2982843692041934,0.8,-0.0083635310626973
EVRG,0.9261979300063103,0.5696882319170982,0.3565096980892122,4,2.14,70.0,20.0,0,0.0,0,0.0,0.0,0,0,0,0.3,90,-24.257452525653274,0,0.05976041399873793,0.8,0.2877830967137287
EW,0.5498279942613509,0.5623910536989569,-0.01256305943760605,9,3.852,70.0,10.0,1,0.0,1,0.0,0.0,0,0,0,0.3,90,7.330095083456034,0,0.1950344011477298,0.8,0.20343494061665685
EXC,-0.1147611482689778,0.04627639921382069,-0.1610375474827985,6,2.568,30.0,30.0,1,0.004081985168159008,1,0.0,0.002040992584079504,0,0,0,0.3,90,7.977526033564543,0,0.28204777034620443,0.3,-0.02697551729334771
EXE,0.21454231524839998,0.21454231524839998,0.0,10,4.28,40.0,10.0,4,0.0,1,0.0,0.0,0,0,0,0.3,90,5.372918334612664,0,0.44209153695032,0.8,0.08314918783885898
EXPD,-0.06481487237449203,-0.1686293468810618,0.10381447450656976,7,2.996,40.0,50.0,0,0.0,0,0.0,0.0,0,0,0,0.3,90,1.9354044235860686,0,0.23203702552510158,0.8,-0.019782098695693105
EXPE,0.31261037178337575,0.31261037178337575,0.0,10,4.28,20.0,0.0,2,0.0010635875165462493,1,0.0,0.0005317937582731247,0,0,0,0.3,90,12.209790749519838,0,0.3024779256433248,0.8,0.12804739250342514
EXR,0.4693303241704901,0.516343132313341,-0.04701280814285086,9,3.852,60.0,0.0,1,0.0,1,0.0,0.0,0,0,0,0.3,90,3.3957335655202363,0,0.211133935165902,0.8,0.16935921380795188
F,0.3813470569904894,0.3813470569904894,0.0,10,4.28,50.0,10.0,4,0.0,1,0.0,0.0,0,0,0,0.3,90,-32.86511051435654,0,0.4087305886019021,0.8,0.08417380417513648
FANG,-0.04194017592817545,0.13407813562080265,-0.1760183115489781,7,2.996,30.0,20.0,3,0.001595381274819374,0,0.0,0.0,0,0,0,0.3,90,-13.15545174138292,0,0.4166119648143649,0.3,-0.03393362480448997
FAST,-0.14569969922304155,-0.018386913184076547,-0.127312786038965,5,2.14,20.0,20.0,4,0.0,1,0.0,0.0,0,0,0,0.3,90,0.8403361344537823,0,0.45586006015539166,0.8,-0.04973439052638386
FCX,0.18927692975848914,0.18927692975848914,0.0,10,4.28,60.0,30.0,1,0.004081985168159008,1,0.0,0.002040992584079504,0,0,0,0.3,90,21.94861042767591,0,0.2671446140483022,0.8,0.10039443660743276
FDS,0.4534286567941308,0.4534286567941308,0.0,10,4.28,70.0,20.0,3,0.0007090583443641662,0,0.0,0.0003545291721820831,0,0,0,0.3,90,1.894180837040135,0,0.3343142686411738,0.8,0.1617540186368152
FDX,0.18680011588148773,0.18680011588148773,0.0,10,4.28,40.0,30.0,1,0.001701740026473999,0,0.0,0.0008508700132369995,0,0,0,0.3,90,25.51971137638937,0,0.26763997682370244,0.8,0.10417012963104696
FE,0.03308490673080087,0.03308490673080087,0.0,10,4.28,30.0,30.0,2,0.0,1,0.0,0.0,0,0,0,0.3,90,0.6317437244926439,0,0.3583830186538398,0.8,0.012527332942519268
FER,0.0,0.8520683757960796,-0.8520683757960796,0,0.0,80.0,10.0,3,0.0,0,0.0,0.0,0,0,0,0.3,90,0.0,0,0.425,0.5,0.0
FFIV,0.4393095690757036,0.4393095690757036,0.0,10,4.28,50.0,0.0,2,0.0,1,0.0,0.0,0,0,0,0.3,90,12.862897624670092,0,0.27713808618485924,0.8,0.1730526956135014
FICO,0.39497141456231477,0.39497141456231477,0.0,10,4.28,60.0,20.0,2,-0.016783754527568816,1,0.0,-0.008391877263784408,0,0,0,0.3,90,13.912030750780518,0,0.286005717087537,0.3,0.15407291486471028
FIS,-0.3068044301122427,0.044777185935527083,-0.3515816160477698,5,2.14,30.0,30.0,1,0.002332562953233719,0,0.0,0.0011662814766168594,0,0,0,0.3,90,-0.49515506171670404,0,0.24363911397755145,0.3,-0.10742451424588986
FISV,0.051132417470216754,0.20432666232809424,-0.15319424485787747,5,2.14,50.0,20.0,0,0.0,0,0.0,0.0,0,0,0,0.3,90,4.6008609859813765,0,0.23477351650595663,0.8,0.024797637593547927
FITB,0.0704285316169262,0.4711313799023628,-0.4007028482854366,4,1.712,60.0,10.0,3,0.002721323445439339,1,0.0,0.0013606617227196695,0,0,0,0.3,90,-32.16046311790512,0,0.41091429367661475,0.8,-0.022774311577301705
FIX,0.6842203113250435,0.6842203113250435,0.0,10,4.28,70.0,0.0,2,0.0007090583443641662,1,0.0,0.0003545291721820831,0,0,0,0.3,90,50.0,0,0.22815593773499132,0.8,0.31468982646707444
FOX,-0.2780846767127514,-0.06854017097502947,-0.20954450573772193,5,2.14,30.0,30.0,0,0.0,0,0.0,0.0,0,0,0,0.3,90,0.0,0,0.18938306465744975,0.8,-0.09732963684946298
FOXA,-0.2780846767127514,-0.06854017097502947,-0.20954450573772193,5,2.14,30.0,30.0,0,0.0,0,0.0,0.0,0,0,0,0.3,90,50.0,0,0.18938306465744975,0.8,-0.022329636849462986
FRT,0.6486619846629245,0.6443991316482425,0.004262853014681989,7,2.996,80.0,0.0,1,0.0,0,0.0,0.0,0,0,0,0.3,90,50.0,0,0.17526760306741512,0.8,0.30203169463202356
FSLR,-0.28679852715382975,-0.3522886744700372,0.06549014731620745,9,3.852,10.0,50.0,0,0.0,0,0.0,0.0,0,0,0,0.3,90,-6.345480685690408,0,0.18764029456923403,0.8,-0.10989770553237602
FTNT,-0.09549715014873073,0.00820210729725659,-0.10369925744598732,8,3.424,30.0,30.0,0,0.0021271750330924986,0,0.0,0.0010635875165462493,0,0,0,0.3,90,8.954440902304187,0,0.22590056997025387,0.3,-0.01935418868867172
FTV,0.47265857248567045,0.14997257452665103,0.3226859979590194,4,1.9022222222222223,40.0,20.0,0,0.0010635875165462493,0,0.0,0.0005317937582731247,0,0,0,0.3,90,7.355011093351152,0,0.1504682855028659,0.8,0.17678209326497524
GD,0.8096277357079089,0.8096277357079089,0.0,10,4.28,90.0,0.0,2,0.0,1,0.0,0.0,0,0,0,0.3,90,11.020249010295082,0,0.2030744528584182,0.8,0.2999000810132107
GDDY,0.14947609261920056,0.3941122772172093,-0.24463618459800876,6,2.568,70.0,10.0,0,0.0,0,0.0,0.0,0,0,0,0.3,90,14.04748176824285,0,0.2151047814761599,0.8,0.07338785506908446
GE,-0.20262643359601498,-0.20262643359601498,0.0,10,4.28,30.0,50.0,2,0.0,1,0.0,0.0,0,0,0,0.3,90,16.308881371194182,0,0.32447471328079697,0.8,-0.04645592970181396
GEHC,-0.7024613475892693,-0.7024613475892693,0.0,10,4.28,0.0,70.0,2,0.0,1,0.0,0.0,0,0,0,0.3,90,-5.711591759764572,0,0.22450773048214612,0.8,-0.2544288592958911
GEN,0.0,-0.19877990909541646,0.19877990909541646,0,0.0,30.0,40.0,0,0.0,0,0.0,0.0,0,0,0,0.3,90,1.427914863943955,0,0.245,0.5,0.0021418722959159323
GEV,0.17381640239618718,0.17381640239618718,0.0,10,4.28,50.0,30.0,2,0.0,1,0.0,0.0,0,0,0,0.3,90,50.0,0,0.33023671952076256,0.8,0.1358357408386655
GILD,0.2541319452691823,0.2541319452691823,0.0,10,4.28,40.0,20.0,1,0.0021271750330924986,1,0.0,0.0010635875165462493,0,0,0,0.3,90,2.8203739123705107,0,0.25417361094616353,0.8,0.09381489422269733
GIS,-0.29016170487739146,-0.29016170487739146,0.0,10,4.28,20.0,60.0,1,0.0,1,0.0,0.0,0,0,0,0.3,90,-12.14221978172833,0,0.24696765902452172,0.8,-0.1197699263796795
GL,0.4263213397935033,0.4263213397935033,0.0,10,4.28,60.0,20.0,1,-0.018274541199207305,1,0.0,-0.009137270599603653,0,0,0,0.3,90,-1.3525911481925639,0,0.21973573204129931,0.3,0.1417012198456751
GLW,0.48093712446279824,0.48093712446279824,0.0,10,4.28,70.0,20.0,1,-0.006595728546380996,1,0.0,-0.003297864273190498,0,0,0,0.3,90,1.2145748987854197,0,0.20881257510744033,0.3,0.1681711373462432
GM,0.3443261375185102,0.3443261375185102,0.0,10,4.28,60.0,20.0,2,0.0,1,0.0,0.0,0,0,0,0.3,90,40.18974871934772,0,0.29613477249629794,0.8,0.18079877121050014
GNRC,0.4573426963761449,0.4573426963761449,0.0,10,4.28,60.0,0.0,1,0.0021271750330924986,1,0.0,0.0010635875165462493,0,0,0,0.3,90,35.489115707704826,0,0.21353146072477103,0.8,0.21394176980313567
GOOG,-0.1079742006957531,-0.1079742006957531,0.0,10,4.28,20.0,30.0,3,0.0,1,0.0,0.0,0,0,0,0.3,90,6.7821832791217975,0,0.40340515986084935,0.8,-0.02761769532483089
GOOGL,-0.24239490889012813,-0.24239490889012813,0.0,10,4.28,10.0,50.0,3,0.0,1,0.0,0.0,0,0,0,0.3,90,7.012344367242081,0,0.37652101822197437,0.8,-0.07431970156068171
GPC,0.30350757036358117,0.30350757036358117,0.0,10,4.28,50.0,10.0,3,0.0,1,0.0,0.0,0,0,0,0.3,90,1.2591605215132857,0,0.3642984859272837,0.8,0.10811639040952334
GPN,0.1844713831320405,0.11110047493129968,0.07337090820074083,5,2.14,50.0,20.0,0,0.0012763050198554991,0,0.0,0.0006381525099277496,0,0,0,0.3,90,0.6169909824394968,0,0.2081057233735919,0.8,0.06587336207583006
GRMN,0.47991836480796335,0.47991836480796335,0.0,10,4.28,50.0,0.0,2,0.0,1,0.0,0.0,0,0,0,0.3,90,13.140016209483093,0,0.26901632703840733,0.8,0.1876814519970118
GS,0.19469083994626998,0.19469083994626998,0.0,10,4.28,30.0,10.0,0,0.0,0,0.0,0.0,0,0,0,0.3,90,7.061743819243167,0,0.20606183201074602,0.8,0.07873440971005924
GWW,-0.34445195994339883,-0.11442435029894113,-0.2300276096444577,4,1.712,20.0,40.0,0,0.0,0,0.0,0.0,0,0,0,0.3,90,-0.21763970323204293,0,0.17610960801132025,0.8,-0.12088464553503764
HAL,0.21580833424814044,0.21580833424814044,0.0,10,4.28,40.0,30.0,2,0.0018323259428143501,1,0.0,0.0009161629714071751,0,0,0,0.3,90,10.419594458944,0,0.32183833315037186,0.8,0.09171200645810945
HAS,-0.06121710268780589,-0.06121710268780589,0.0,10,4.28,40.0,40.0,2,-0.003297864273190498,1,0.0,-0.001648932136595249,0,0,0,0.3,90,50.0,0,0.3527565794624388,0.8,0.05258465477731079
HBAN,0.6310988141223788,0.6310988141223788,0.0,10,4.28,70.0,0.0,4,0.0032655881345272065,1,0.0,0.0,0,0,0,0.3,90,14.16046394812549,0,0.3587802371755242,0.8,0.24310495730537895
HCA,-0.3483029788825661,-0.3483029788825661,0.0,10,4.28,20.0,60.0,4,0.0,1,0.0,0.0,0,0,0,0.3,90,0.28978839555976216,0,0.41533940422348675,0.8,-0.12147136001555849
HD,-0.29927246607840063,-0.29927246607840063,0.0,10,4.28,20.0,60.0,0,0.0,0,0.0,0.0,0,0,0,0.3,90,7.799619530754601,0,0.1851455067843199,0.8,-0.09304593383130833
HIG,0.09190717730671168,0.09190717730671168,0.0,10,4.28,40.0,30.0,2,0.0,1,0.0,0.0,0,0,0,0.3,90,-8.834228764128484,0,0.34661856453865764,0.8,0.01891616891115636
HII,0.4446751608513296,0.4446751608513296,0.0,10,4.28,50.0,20.0,0,0.0,0,0.0,0.0,0,0,0,0.3,90,5.031366421680137,0,0.1560649678297341,0.8,0.16318335593048555
HLT,0.456362449657172,0.456362449657172,0.0,10,4.28,60.0,10.0,2,0.0,1,0.0,0.0,0,0,0,0.3,90,1.77833589889005,0,0.2737275100685656,0.8,0.16239436122834527
HON,0.26154111977666616,0.26154111977666616,0.0,10,4.28,50.0,30.0,3,0.0,1,0.0,0.0,0,0,0,0.3,90,5.554310924224946,0,0.37269177604466674,0.8,0.09987085830817057
HOOD,-0.42207842553034425,-0.42207842553034425,0.0,10,4.28,20.0,70.0,2,0.005442646890878678,1,0.0,0.002721323445439339,0,0,0,0.3,90,-1.981015270326047,0,0.28058431489393115,0.3,-0.14906617777384595
HPE,0.3606985408812761,0.3606985408812761,0.0,10,4.28,60.0,20.0,1,0.0,0,0.0,0.0,0,0,0,0.3,90,10.753292780589208,0,0.2328602918237448,0.8,0.14237442847933046
HPQ,0.15552605636831787,0.14978695204481482,0.0057391043235030526,9,3.852,40.0,30.0,1,0.0,1,0.0,0.0,0,0,0,0.3,90,5.613142968902801,0,0.27389478872633644,0.8,0.06285383418226545
HRL,-0.15763074746355416,-0.17487463871948422,0.017243891255930066,5,2.14,30.0,40.0,0,0.004081985168159008,0,0.0,0.002040992584079504,0,0,0,0.3,90,6.117353308364546,0,0.21347385050728918,0.3,-0.04477013609924943
HSIC,0.3700615618377924,0.28905836967751386,0.08100319216027851,5,2.14,40.0,10.0,0,0.0,0,0.0,0.0,0,0,0,0.3,90,3.483693595594991,0,0.17098768763244154,0.8,0.1347470870366198
HST,0.6902391328476369,0.37957161031663417,0.31066752253100277,4,1.712,70.0,20.0,0,0.0,0,0.0,0.0,0,0,0,0.3,90,4.074517354425771,0,0.10695217343047261,0.8,0.24769547252831156
HSY,-0.009104579128324986,-0.009104579128324986,0.0,10,4.28,30.0,40.0,2,-0.005205155164003372,0,0.0,0.0,0,0,0,0.3,90,21.770587062409206,0,0.36317908417433503,0.8,0.027907731349499053
HUBB,0.09348302416037768,-0.11332927476614714,0.2068122989265248,8,3.424,20.0,40.0,0,0.0,0,0.0,0.0,0,0,0,0.3,90,0.18066407284172875,0,0.22630339516792447,0.8,0.032990054565394784
HUM,0.21814238587394358,0.21814238587394358,0.0,10,4.28,50.0,20.0,4,0.0,1,0.0,0.0,0,0,0,0.3,90,1.0529699869738782,0,0.44137152282521125,0.8,0.07792929003634107
HWM,0.267077100980613,0.3299203285947442,-0.06284322761413119,9,3.852,50.0,20.0,2,0.002127175033092499,0,0.0,0.0010635875165462495,0,0,0,0.3,90,8.699027920121747,0,0.3115845798038774,0.8,0.10716367973332491
IBKR,0.08143756445497274,0.08143756445497274,0.0,10,4.28,60.0,20.0,3,0.0,1,0.0,0.0,0,0,0,0.3,90,0.10344022156227332,0,0.40871248710900543,0.8,0.02865830789158387
IBM,0.02169955475255847,0.02169955475255847,0.0,10,4.28,30.0,40.0,2,0.0,1,0.0,0.0,0,0,0,0.3,90,5.453200311390603,0,0.36066008904948826,0.8,0.015774644630481366
ICE,0.04580184668302536,0.04580184668302536,0.0,10,4.28,30.0,30.0,0,0.0,0,0.0,0.0,0,0,0,0.3,90,2.225649670905138,0,0.23583963066339492,0.8,0.01936912084541658
IDXX,0.4618834089487791,0.14762987848371267,0.31425353046506643,2,0.856,40.0,20.0,0,0.0014181166887283325,0,0.0,0.0007090583443641662,0,0,0,0.3,90,4.80503880848921,0,0.15262331821024416,0.8,0.16929218635142498
IEX,0.22427228251472114,0.22427228251472114,0.0,10,4.28,20.0,10.0,2,0.0,1,0.0,0.0,0,0,0,0.3,90,12.913333370971117,0,0.32014554349705576,0.8,0.09786529893660907
IFF,0.11308486480265856,0.16121111623942852,-0.04812625143676996,2,1.2228571428571429,30.0,40.0,0,0.0,0,0.0,0.0,0,0,0,0.3,90,-3.8114704821449985,0,0.22238302703946827,0.8,0.033862496957713
IHI,0.04640232399106026,0.04640232399106026,0.0,1,4.28,66.66666666666666,0.0,0,0.0,0,0.0,0.0,0,0,0,0.3,90,0.0,0,0.23571953520178796,0.8,0.016240813396871088
INCY,0.29716799352318046,0.29716799352318046,0.0,10,4.28,40.0,10.0,2,0.0,1,0.0,0.0,0,0,0,0.3,90,35.12403789445395,0,0.3055664012953639,0.8,0.15669485457479407
INSM,0.5469843223690987,-0.2880266701802611,0.8350109925493598,2,0.856,20.0,50.0,1,0.0,0,0.0,0.0,0,0,0,0.3,90,-31.92160087719299,0,0.19560313552618025,0.8,0.14356211151339504
INTC,0.16747008860111237,0.16747008860111237,0.0,10,4.28,30.0,20.0,5,0.0,1,0.0,0.0,0,0,0,0.3,90,50.0,0,0.5115059822797775,0.8,0.13361453101038934
INTU,0.38680419931188226,0.38680419931188226,0.0,10,4.28,50.0,10.0,1,0.0,1,0.0,0.0,0,0,0,0.3,90,12.692119698039441,0,0.22763916013762353,0.8,0.15441964930621793
INVH,0.14317607805132865,-0.21348300017416477,0.3566590782254934,5,2.14,10.0,40.0,1,0.0,1,0.0,0.0,0,0,0,0.3,90,-14.312243003050796,0,0.2763647843897343,0.8,0.028643262813388828
IP,-0.63429114750276,-0.08819460966624319,-0.5460965378365169,3,1.284,30.0,40.0,0,0.0,0,0.0,0.0,0,0,0,0.3,90,-50.0,0,0.11814177049944799,0.8,-0.297001901625966
IQV,-0.45623749904334543,-0.3472186904400587,-0.10901880860328672,5,2.14,10.0,50.0,1,0.0,1,0.0,0.0,0,0,0,0.3,90,0.690702891766328,0,0.2137525001913309,0.8,-0.1586470703275214
IR,0.14137579230591654,0.14137579230591654,0.0,10,4.28,30.0,10.0,2,0.0,1,0.0,0.0,0,0,0,0.3,90,4.025938935422865,0,0.3367248415388167,0.8,0.05552043571020509
IRM,0.38048418207714957,0.36685079662129283,0.013633385455856739,3,1.605,60.0,10.0,0,0.0,0,0.0,0.0,0,0,0,0.3,90,3.8138838305621343,0,0.16890316358457008,0.8,0.13889028947284554
ISRG,0.26536892130970957,0.26536892130970957,0.0,10,4.28,50.0,20.0,2,0.0,1,0.0,0.0,0,0,0,0.3,90,18.66506547938313,0,0.31192621573805807,0.8,0.12087672067747304
IT,0.08168436577543617,-0.1857322168070823,0.26741658258251844,5,2.14,20.0,50.0,0,0.0,0,0.0,0.0,0,0,0,0.3,90,12.208514177004657,0,0.2286631268449128,0.8,0.04690229928690964
ITW,0.2915290274657309,0.2915290274657309,0.0,10,4.28,50.0,20.0,0,0.0,0,0.0,0.0,0,0,0,0.3,90,1.2394387166412366,0,0.18669419450685382,0.8,0.10389431768796767
IVZ,0.23172008916735648,0.23172008916735648,0.0,10,4.28,40.0,10.0,2,0.0,1,0.0,0.0,0,0,0,0.3,90,-1.214883624200633,0,0.3186559821665287,0.8,0.0792797057722738
IWM,-0.23507863227277995,-0.23507863227277995,0.0,10,4.28,40.0,60.0,0,0.0,0,0.0,0.0,0,0,0,0.3,90,0.0,0,0.197984273545444,0.8,-0.08227752129547297
J,-0.5297034181033572,0.14942807266488672,-0.679131490768244,3,1.284,50.0,40.0,1,0.0,1,0.0,0.0,0,0,0,0.3,90,1.78286322511974,0,0.19905931637932855,0.8,-0.1827219014984954
JBHT,0.28429051605053246,0.663685420434922,-0.3793949043843895,4,1.712,90.0,10.0,3,0.0021271750330924986,1,0.0,0.0010635875165462493,0,0,0,0.3,90,3.087077446761397,0,0.36814189678989345,0.8,0.10477044929775621
JBL,0.5058835195377469,0.5898306348361075,-0.08394711529836063,8,3.424,90.0,10.0,2,0.0,1,0.0,0.0,0,0,0,0.3,90,7.215738792168862,0,0.2638232960924506,0.8,0.1878828400264647
JCI,0.1352363481807212,-0.010957542806863785,0.14619389098758498,6,2.568,40.0,40.0,0,0.0,0,0.0,0.0,0,0,0,0.3,90,5.703223354473986,0,0.21795273036385576,0.8,0.05588755689496339
JKHY,-0.17435529672851166,-0.11944635789841414,-0.05490893883009752,6,2.568,30.0,40.0,1,0.00272093570480744,1,0.3,0.00136046785240372,0,0,0,0.3,90,17.06690140845071,0,0.27012894065429766,0.3,-0.03460772103086078
JNJ,0.5771211066283286,0.5771211066283286,0.0,10,4.28,60.0,0.0,3,0.0,1,0.0,0.0,0,0,0,0.3,90,0.848999167061975,0,0.3095757786743343,0.8,0.20326588607050797
JPM,-0.30947694350034,-0.30947694350034,0.0,10,4.28,0.0,40.0,0,0.0,0,0.0,0.0,0,0,0,0.3,90,7.7848223002079555,0,0.183104611299932,0.8,-0.09663969677480706
KDP,0.46728309877216817,0.46728309877216817,0.0,10,4.28,70.0,20.0,3,0.0004727055629094441,1,0.0,0.00023635278145472206,0,0,0,0.3,90,4.250200481154779,0,0.33154338024556634,0.8,0.17006619696086386
KEY,0.3808142348813514,0.40511476835235954,-0.024300533471008134,6,2.568,50.0,20.0,1,0.0,1,0.0,0.0,0,0,0,0.3,90,8.017872047920662,0,0.2288371530237297,0.8,0.145311790280354
KEYS,0.3704948977434209,0.30626890948042274,0.06422598826299819,7,2.996,40.0,10.0,1,0.0,1,0.0,0.0,0,0,0,0.3,90,8.750125288162767,0,0.23090102045131583,0.8,0.14279840214244147
KHC,0.013495240360498428,0.013495240360498428,0.0,10,4.28,10.0,20.0,0,0.0,0,0.0,0.0,0,0,0,0.3,90,9.118743994397501,0,0.2423009519279003,0.8,0.018401450117770703
KIM,0.41396853197366,0.46043609995394946,-0.04646756798028945,5,2.14,60.0,0.0,0,0.0,0,0.0,0.0,0,0,0,0.3,90,-3.6879946205969056,0,0.162206293605268,0.8,0.13935699425988565
KKR,-0.3945185731165111,-0.3945185731165111,0.0,10,4.28,0.0,50.0,1,0.0,1,0.0,0.0,0,0,0,0.3,90,-1.6335851045143113,0,0.2260962853766978,0.8,-0.14053187824755037
KLAC,-0.21359679354354738,-0.21359679354354738,0.0,10,4.28,30.0,50.0,1,0.0,1,0.0,0.0,0,0,0,0.3,90,0.5932158116622149,0,0.26228064129129053,0.8,-0.07386905402274825
KMB,0.10529894260689616,0.10529894260689616,0.0,10,4.28,50.0,30.0,2,0.0,1,0.0,0.0,0,0,0,0.3,90,2.236222760793191,0,0.34394021147862075,0.8,0.04020896405360344
KMI,-0.01384326065890491,-0.01384326065890491,0.0,10,4.28,40.0,30.0,3,0.0,1,0.0,0.0,0,0,0,0.3,90,22.09701625416529,0,0.422231347868219,0.8,0.028300383150631214
KO,0.4308707856107503,0.4308707856107503,0.0,10,4.28,50.0,10.0,1,0.0,1,0.0,0.0,0,0,0,0.3,90,5.8761249338274135,0,0.21882584287784995,0.8,0.1596189623645037
KR,-0.09499231306836009,-0.09499231306836009,0.0,10,4.28,30.0,40.0,1,0.0021271750330924986,0,0.0,0.0010635875165462493,0,0,0,0.3,90,6.469697725873797,0,0.286001537386328,0.3,-0.022904610475187583
KVUE,0.05965319289160626,0.10824525989592075,-0.04859206700431449,7,2.996,30.0,30.0,1,-0.008794304728507995,0,0.0,-0.004397152364253997,0,0,0,0.3,90,21.239335428828024,0,0.2930693614216787,0.3,0.050099329236751824
L,0.0,0.8866577111184597,-0.8866577111184597,0,0.0,20.0,40.0,0,0.0,0,0.0,0.0,0,0,0,0.3,90,0.0,0,0.245,0.5,0.0
LDOS,0.5354750389233232,0.5354750389233232,0.0,10,4.28,60.0,0.0,1,0.0,0,0.0,0.0,0,0,0,0.3,90,5.910658986864763,0,0.19790499221533536,0.8,0.19628225210346026
LEN,-0.561235759453848,-0.561235759453848,0.0,10,4.28,10.0,80.0,2,0.0,0,0.0,0.0,0,0,0,0.3,90,-7.229753948006492,0,0.2527528481092304,0.8,-0.2072771467308565
LH,0.2806022144854069,0.38104747217148544,-0.10044525768607854,5,2.14,40.0,0.0,2,0.0,0,0.0,0.0,0,0,0,0.3,90,3.247606532757656,0,0.30887955710291864,0.8,0.1030821848690289
LHX,-0.03847057400271296,-0.03847057400271296,0.0,10,4.28,30.0,50.0,1,0.0,1,0.0,0.0,0,0,0,0.3,90,3.6479737908340395,0,0.2973058851994574,0.8,-0.007992740214698478
LII,0.2936106969136745,0.07520137969404458,0.2184093172196299,8,3.424,20.0,20.0,2,0.0,1,0.0,0.0,0,0,0,0.3,90,5.256873902265067,0,0.3062778606172651,0.8,0.11064905477318365
LIN,0.2796789724379778,0.2796789724379778,0.0,10,4.28,40.0,10.0,0,0.0021271750330924986,0,0.0,0.0010635875165462493,0,0,0,0.3,90,0.5448573699380426,0,0.18906420551240444,0.8,0.09934307891812705
LITE,0.07448417618870735,0.07448417618870735,0.0,10,4.28,20.0,20.0,1,0.0,0,0.0,0.0,0,0,0,0.3,90,18.563324884808974,0,0.2901031647622585,0.8,0.05391444899326103
LLY,-0.11470033815130591,-0.11470033815130591,0.0,10,4.28,30.0,40.0,0,0.0,0,0.0,0.0,0,0,0,0.3,90,9.135542290746354,0,0.2220599323697388,0.8,-0.026441804916837536
LMT,0.044945815671235324,0.044945815671235324,0.0,10,4.28,40.0,50.0,2,0.0,1,0.0,0.0,0,0,0,0.3,90,-3.7826563755942546,0,0.3560108368657529,0.8,0.01005705092154098
LNT,0.6490440191701055,0.6202970278848495,0.02874699128525593,4,2.4457142857142857,70.0,20.0,0,0.0,0,0.0,0.0,0,0,0,0.3,90,2.6711613819538345,0,0.1151911961659789,0.8,0.23117214878246764
LOW,0.11878139479085803,0.11878139479085803,0.0,10,4.28,30.0,20.0,0,0.0,0,0.0,0.0,0,0,0,0.3,90,1.9252548131370264,0,0.22124372104182838,0.8,0.04446137039650585
LRCX,-0.439133688993752,-0.439133688993752,0.0,10,4.28,20.0,70.0,2,0.005442646890878678,1,0.0,0.002721323445439339,0,0,0,0.3,90,7.866157910184911,0,0.2771732622012496,0.3,-0.1402647602152722
LULU,-0.6886475614272058,-0.6886475614272058,0.0,10,4.28,0.0,80.0,2,-0.006595728546380996,1,0.0,0.0,0,0,0,0.3,90,4.833427843842121,0,0.22727048771455882,0.8,-0.23575522329767312
LUV,0.4022908519953489,0.4022908519953489,0.0,10,4.28,70.0,30.0,2,-0.014333936075369516,1,0.0,-0.007166968037684758,0,0,0,0.3,90,-5.033238366571696,0,0.2845418296009302,0.3,0.1289517598259037
LVS,0.23909221654757856,0.23909221654757856,0.0,10,4.28,50.0,20.0,2,0.0,1,0.0,0.0,0,0,0,0.3,90,20.054354279080194,0,0.31718155669048426,0.8,0.11376380721027278
LYB,0.15186741269592727,0.1589919320307672,-0.007124519334839929,7,2.996,40.0,20.0,0,0.0,0,0.0,0.0,0,0,0,0.3,90,-50.0,0,0.21462651746081457,0.8,-0.021846405556425454
LYV,-0.3888565367087722,-0.7262731264345348,0.3374165897257626,2,0.856,0.0,90.0,0,0.0,0,0.0,0.0,0,0,0,0.3,90,-1.2174743375507318,0,0.16722869265824558,0.8,-0.13792599935439634
MA,0.08848888818174601,0.08848888818174601,0.0,10,4.28,60.0,30.0,0,0.0,0,0.0,0.0,0,0,0,0.3,90,12.255943551296951,0,0.22730222236365077,0.8,0.049355026190556525
MAA,-0.17561756130307912,-0.3865517069186483,0.2109341456155692,5,3.0571428571428574,30.0,60.0,1,0.0,1,0.0,0.0,0,0,0,0.3,90,2.611111111111107,0,0.26987648773938416,0.8,-0.05754947978941103
MAR,0.46400610863098074,0.4270568178035319,0.036949290827448855,7,2.996,50.0,0.0,0,0.0,0,0.0,0.0,0,0,0,0.3,90,-1.51280906082156,0,0.15219877827380385,0.8,0.1601329244296109
MAS,0.8910275736823678,0.8910275736823678,0.0,10,4.28,100.0,0.0,3,-0.005276582837104797,1,0.0,-0.0026382914185523985,0,0,0,0.3,90,18.61855011633743,0,0.24679448526352643,0.3,0.3382045011122034
MCD,-0.01795697631314397,-0.01795697631314397,0.0,10,4.28,40.0,30.0,1,0.0025537243112921716,0,0.0,0.0012768621556460858,0,0,0,0.3,90,2.2203438141948637,0,0.3014086047373712,0.3,-0.002188308694920442
MCHP,0.6506932448828593,0.7021229614503681,-0.05142971656750883,8,3.424,70.0,0.0,0,0.0,0,0.0,0.0,0,0,0,0.3,90,2.746123668970669,0,0.11486135102342815,0.8,0.23186182121245674
MCK,0.2303697352297604,0.2303697352297604,0.0,10,4.28,50.0,0.0,2,0.0,1,0.0,0.0,0,0,0,0.3,90,0.7062375330206493,0,0.3189260529540479,0.8,0.08168876362994712
MCO,0.53855538694188,0.53855538694188,0.0,10,4.28,70.0,10.0,4,0.0,1,0.0,0.0,0,0,0,0.3,90,2.57552211651442,0,0.377288922611624,0.8,0.19235766860442963
MDLZ,0.18172094617038964,0.18172094617038964,0.0,10,4.28,50.0,30.0,2,0.0,1,0.0,0.0,0,0,0,0.3,90,10.217309052624651,0,0.32865581076592204,0.8,0.07892829473857335
MDT,0.056686576502397654,0.056686576502397654,0.0,10,4.28,30.0,40.0,1,0.0,1,0.0,0.0,0,0,0,0.3,90,1.863502906105819,0,0.2936626846995205,0.8,0.022635556134997906
MELI,-0.02793845385313034,-0.02793845385313034,0.0,10,4.28,40.0,30.0,1,-0.006595728546380996,0,0.0,-0.003297864273190498,0,0,0,0.3,90,-3.5616610826274644,0,0.29941230922937395,0.8,-0.01709966903645111
MET,0.07661531120538712,0.2109387120231986,-0.1343234008178115,2,0.856,40.0,20.0,1,0.0,0,0.0,0.0,0,0,0,0.3,90,6.299414285958248,0,0.28967693775892256,0.8,0.03626448035082286
META,-0.5476543915458023,-0.5476543915458023,0.0,10,4.28,0.0,60.0,2,0.0,1,0.0,0.0,0,0,0,0.3,90,7.995957448619828,0,0.2554691216908395,0.8,-0.17968510086810105
MGM,-0.008178778737783433,-0.008178778737783433,0.0,10,4.28,30.0,30.0,3,0.0,1,0.0,0.0,0,0,0,0.3,90,-7.830634087617337,0,0.4233642442524433,0.8,-0.014608523689650207
MKC,0.16062624079899657,0.1460817283950746,0.014544512403921961,9,3.852,40.0,30.0,6,4.524822746004382e-05,1,0.0,2.262411373002191e-05,0,0,0,0.3,90,10.66212840160293,0,0.5128747518402007,0.8,0.0722259513502912
MLM,0.13259785633999854,0.1018353532999754,0.030762503040023148,8,3.424,30.0,20.0,1,-0.006595728546380996,1,0.0,-0.003297864273190498,0,0,0,0.3,90,-7.182320441988948,0,0.2784804287320003,0.3,0.03365705049210176
MMM,-0.16406108057126403,-0.16406108057126403,0.0,10,4.28,20.0,30.0,2,0.0,1,0.0,0.0,0,0,0,0.3,90,7.875952736218099,0,0.33218778388574716,0.8,-0.04560744909561526
MNST,0.28007664054166526,0.15349664306268096,0.1265799974789843,8,3.424,30.0,20.0,0,0.0021271750330924986,0,0.0,0.0010635875165462493,0,0,0,0.3,90,-4.496948054644346,0,0.18898467189166696,0.8,0.09191955461754407
MO,0.03835941590368748,0.03835941590368748,0.0,10,4.28,40.0,30.0,0,0.0,0,0.0,0.0,0,0,0,0.3,90,-1.3252774277776957,0,0.23732811681926252,0.8,0.011437879424624074
MOS,0.0,-0.3928921679034829,0.3928921679034829,0,0.0,20.0,60.0,1,0.0,0,0.0,0.0,0,0,0,0.3,90,-50.0,0,0.305,0.5,-0.075
MPC,0.2210370940156281,0.2210370940156281,0.0,10,4.28,40.0,10.0,1,0.0,0,0.0,0.0,0,0,0,0.3,90,50.0,0,0.2607925811968744,0.8,0.15236298290546985
MPWR,0.3536486650817096,0.3536486650817096,0.0,10,4.28,50.0,10.0,0,0.0021271750330924986,0,0.0,0.0010635875165462493,0,0,0,0.3,90,1.129739532860835,0,0.17427026698365805,0.8,0.12610979458781738
MRK,0.5294921367429197,0.5294921367429197,0.0,10,4.28,60.0,0.0,0,0.0021271750330924986,0,0.0,0.0010635875165462493,0,0,0,0.3,90,1.4683060761609275,0,0.13910157265141604,0.8,0.188162859484191
MRNA,-0.215364991966635,-0.215364991966635,0.0,10,4.28,30.0,50.0,0,0.0,0,0.0,0.0,0,0,0,0.3,90,18.87860240519177,0,0.20192700160667304,0.8,-0.04705984358053458
MRSH,0.6208200913388282,0.5739439526572824,0.04687613868154583,4,1.712,80.0,10.0,3,0.00042543500661849974,1,0.0,0.00021271750330924987,0,0,0,0.3,90,2.1412405348599735,0,0.30083598173223436,0.8,0.2206265232728654
MRVL,0.1202719529159367,0.1202719529159367,0.0,10,4.28,30.0,30.0,2,0.0023068894632160665,0,0.0,0.0011534447316080333,0,0,0,0.3,90,1.054759047558906,0,0.3409456094168127,0.8,0.04436938893088102
MS,0.619758851826191,0.619758851826191,0.0,10,4.28,70.0,0.0,0,0.0,0,0.0,0.0,0,0,0,0.3,90,13.66498323192959,0,0.12104822963476182,0.8,0.2374130729870612
MSCI,0.3971982224740916,0.2613565158098936,0.13584170666419798,9,3.852,50.0,20.0,4,0.0,1,0.0,0.0,0,0,0,0.3,90,2.13220621278067,0,0.40556035550518166,0.8,0.14221768718510305
MSFT,-0.12126658838242292,-0.12126658838242292,0.0,10,4.28,20.0,40.0,2,0.0,1,0.0,0.0,0,0,0,0.3,90,5.692592838433292,0,0.3407466823235154,0.8,-0.03390441667619808
MSI,0.7249873103573918,0.4022497796453536,0.32273753071203826,4,1.712,70.0,20.0,0,0.0,0,0.0,0.0,0,0,0,0.3,90,5.444521019986219,0,0.10000253792852164,0.8,0.2619123401550665
MSTR,-0.24938681926578282,-0.24938681926578282,0.0,10,4.28,20.0,50.0,5,0.0,1,0.0,0.0,0,0,0,0.3,90,-50.0,0,0.49512263614684343,0.8,-0.16228538674302398
MTB,0.08866428785646956,0.18385881315916777,-0.09519452530269822,6,2.568,50.0,30.0,3,0.0,1,0.0,0.0,0,0,0,0.3,90,2.6528172357311286,0,0.4072671424287061,0.8,0.035011726603361035
MTD,0.8279201425611973,-0.02490044292062521,0.8528205854818225,1,0.7133333333333334,40.0,60.0,0,0.0,0,0.0,0.0,0,0,0,0.3,90,4.311435219163315,0,0.07941597148776054,0.8,0.296239202725164
MU,0.325583876715973,0.325583876715973,0.0,10,4.28,50.0,20.0,1,0.0014181166887283325,0,0.0,0.0007090583443641662,0,0,0,0.3,90,33.20725957727441,0,0.2398832246568054,0.8,0.16419068122312064
NCLH,0.01457057404331863,0.01457057404331863,0.0,10,4.28,40.0,30.0,0,0.0021271750330924986,0,0.0,0.0010635875165462493,0,0,0,0.3,90,5.5090813173562525,0,0.24208588519133628,0.8,0.014001475401123648
NDAQ,0.6517660909332335,0.6517660909332335,0.0,10,4.28,70.0,0.0,2,0.0,1,0.0,0.0,0,0,0,0.3,90,2.8409821313793535,0,0.2346467818133533,0.8,0.23237960502370072
NDSN,-0.01659542601555586,0.3237672523595393,-0.34036267837509515,2,0.856,60.0,30.0,0,0.0,0,0.0,0.0,0,0,0,0.3,90,-0.09442552186962616,0,0.24168091479688886,0.8,-0.005950037388248989
NEE,0.55274791251868,0.55274791251868,0.0,10,4.28,60.0,0.0,2,0.0,1,0.0,0.0,0,0,0,0.3,90,5.957947332095544,0,0.25445041749626396,0.8,0.2023986903796813
NEM,0.2805771335028112,0.2805771335028112,0.0,10,4.28,50.0,20.0,3,0.0007090583443641662,1,0.0,0.0003545291721820831,0,0,0,0.3,90,33.450524368525905,0,0.36888457329943775,0.8,0.14859050078208202
NFLX,-0.08560025673359632,-0.08560025673359632,0.0,10,4.28,30.0,40.0,3,0.0,1,0.0,0.0,0,0,0,0.3,90,-1.3996440767639868,0,0.40787994865328075,0.8,-0.03205955597190469
NI,0.2916436862045278,0.35793849932961164,-0.06629481312508384,6,2.568,50.0,20.0,0,0.0,0,0.0,0.0,0,0,0,0.3,90,2.938801873082516,0,0.18667126275909446,0.8,0.10648349298120849
NKE,-0.4474446717184037,-0.4474446717184037,0.0,10,4.28,20.0,60.0,2,0.0,0,0.0,0.0,0,0,0,0.3,90,24.267708148411135,0,0.2755110656563192,0.8,-0.12020407287882459
NOC,0.2871200151741505,0.2871200151741505,0.0,10,4.28,50.0,30.0,2,0.0,1,0.0,0.0,0,0,0,0.3,90,1.2803552400212388,0,0.3075759969651699,0.8,0.10241253817098452
NOW,0.2569398979656398,0.2569398979656398,0.0,10,4.28,40.0,20.0,3,0.0,1,0.0,0.0,0,0,0,0.3,90,0.3943323776896863,0,0.37361202040687197,0.8,0.09052046285450846
NRG,-0.2206686639226973,-0.2206686639226973,0.0,10,4.28,30.0,50.0,3,0.0024678573198616506,1,0.0,0.0012339286599308253,0,0,0,0.3,90,16.38056444573757,0,0.3808662672154605,0.3,-0.05192282850837919
NSC,0.1851523240096867,0.1851523240096867,0.0,10,4.28,50.0,30.0,3,0.0,1,0.0,0.0,0,0,0,0.3,90,6.275466007892446,0,0.38796953519806265,0.8,0.074216512415229
NTAP,0.3564865901134908,0.3618610887788236,-0.005374498665332794,4,1.712,50.0,20.0,0,0.0,0,0.0,0.0,0,0,0,0.3,90,2.78389201873382,0,0.17370268197730182,0.8,0.1289461445678225
NTRS,0.5753336719353683,0.6449748140294105,-0.06964114209404215,8,3.424,70.0,0.0,0,0.0,0,0.0,0.0,0,0,0,0.3,90,16.141529811087878,0,0.12993326561292634,0.8,0.22557907989401071
NUE,0.46717132460325955,0.46717132460325955,0.0,10,4.28,60.0,10.0,0,0.0,0,0.0,0.0,0,0,0,0.3,90,14.674013377451473,0,0.15156573507934806,0.8,0.18552098367731806
NVDA,0.04005033662542701,0.04005033662542701,0.0,10,4.28,40.0,40.0,0,0.0,0,0.0,0.0,0,0,0,0.3,90,5.32338179075756,0,0.23698993267491458,0.8,0.02200269050503579
NVR,-0.8348725265158075,-0.7222526031546295,-0.11261992336117799,7,2.996,10.0,80.0,0,0.0,0,0.0,0.0,0,0,0,0.3,90,-14.442262290023047,0,0.0780254946968385,0.8,-0.3138687777155672
NWS,-0.6446444079279899,-0.5509783389046788,-0.0936660690233111,5,2.14,10.0,70.0,20,7.090583443641662e-05,1,0.0,0.0,0,0,0,0.3,90,6.923282544774134,0,0.416071118414402,0.3,-0.21521934720730435
NWSA,-0.6446444079279899,-0.5509783389046788,-0.0936660690233111,5,2.14,10.0,70.0,20,7.090583443641662e-05,1,0.0,0.0,0,0,0,0.3,90,6.923282544774134,0,0.416071118414402,0.3,-0.21521934720730435
NXPI,0.1134080427698791,0.1134080427698791,0.0,10,4.28,60.0,40.0,3,0.0,1,0.0,0.0,0,0,0,0.3,90,2.2433189857462636,0,0.40231839144602416,0.8,0.043057793448077086
O,0.2704323885962367,0.2704323885962367,0.0,10,4.28,40.0,0.0,2,0.001701740026473999,0,0.0,0.0008508700132369995,0,0,0,0.3,90,-18.45937754121386,0,0.31091352228075264,0.8,0.06747279170480425
ODFL,-0.024830260407179595,-0.024830260407179595,0.0,10,4.28,30.0,30.0,1,0.0,1,0.0,0.0,0,0,0,0.3,90,8.62625896881283,0,0.3000339479185641,0.8,0.004248797310706386
OKE,0.34728182666003704,0.34728182666003704,0.0,10,4.28,40.0,10.0,2,0.0,1,0.0,0.0,0,0,0,0.3,90,-5.540836309180965,0,0.29554363466799255,0.8,0.11323738486724151
OMC,0.3768180126324296,0.3768180126324296,0.0,10,4.28,70.0,10.0,2,-0.003297864273190498,1,0.0,-0.001648932136595249,0,0,0,0.3,90,3.1252374594283587,0,0.28963639747351405,0.3,0.13558480132853573
ON,0.3185054060071707,0.3185054060071707,0.0,10,4.28,50.0,20.0,0,0.0,0,0.0,0.0,0,0,0,0.3,90,2.5493117979778526,0,0.18129891879856586,0.8,0.1153008597994765
ORCL,0.051740271504968405,0.051740271504968405,0.0,10,4.28,30.0,30.0,1,0.0,0,0.0,0.0,0,0,0,0.3,90,5.69076888558237,0,0.2946519456990063,0.8,0.026645248355112495
ORLY,0.030164991691708564,0.030164991691708564,0.0,10,4.28,20.0,10.0,2,0.0008508700132369995,1,0.0,0.00042543500661849974,0,0,0,0.3,90,-1.897116327912346,0,0.35896700166165824,0.8,0.007967333604200577
OTIS,0.34046270977705717,0.34046270977705717,0.0,10,4.28,60.0,20.0,2,0.0,1,0.0,0.0,0,0,0,0.3,90,-0.8455976559453632,0,0.29690745804458857,0.8,0.11789355193805195
OXY,0.3266637707129121,0.3266637707129121,0.0,10,4.28,50.0,20.0,1,-0.006595728546380996,0,0.0,-0.003297864273190498,0,0,0,0.3,90,50.0,0,0.2396672458574176,0.3,0.18735360118560493
PANW,0.03393808910623193,0.03393808910623193,0.0,10,4.28,40.0,40.0,1,0.0,0,0.0,0.0,0,0,0,0.3,90,9.944067290038856,0,0.2982123821787536,0.8,0.026794432122239458
PAYX,-0.8436093740165234,0.13431041156873108,-0.9779197855852544,1,0.428,40.0,30.0,0,0.0,0,0.0,0.0,0,0,0,0.3,90,2.306380687427076,0,0.07627812519669533,0.8,-0.2918037098746425
PCAR,0.1246312603354454,0.1246312603354454,0.0,10,4.28,40.0,20.0,2,0.0,1,0.0,0.0,0,0,0,0.3,90,-0.8663419680186296,0,0.34007374793291095,0.8,0.04232142816537794
PCG,0.11286963475868106,0.11286963475868106,0.0,10,4.28,30.0,30.0,2,0.0,1,0.0,0.0,0,0,0,0.3,90,8.827697914557593,0,0.3424260730482638,0.8,0.05274591903737476
PDD,-0.11992935712138812,-0.05876609832048416,-0.06116325880090396,6,2.568,30.0,40.0,0,0.0,0,0.0,0.0,0,0,0,0.3,90,-15.83729050312552,0,0.2210141285757224,0.8,-0.06573121074717413
PEG,0.2650244292906589,0.32896510595455764,-0.06394067666389874,9,3.852,40.0,10.0,2,0.005442646890878678,1,0.0,0.002721323445439339,0,0,0,0.3,90,1.437024513947589,0,0.3119951141418682,0.8,0.09654688108991559
PEP,0.30916991834528745,0.30916991834528745,0.0,10,4.28,60.0,30.0,2,0.0007090583443641662,1,0.0,0.0003545291721820831,0,0,0,0.3,90,3.745134933113396,0,0.3031660163309425,0.8,0.11403989132382995
PFE,0.3760983114596456,0.3760983114596456,0.0,10,4.28,60.0,20.0,1,0.0,1,0.0,0.0,0,0,0,0.3,90,16.180819602872834,0,0.22978033770807088,0.8,0.1559056384151852
PFG,0.3792734922841191,0.3792734922841191,0.0,10,4.28,40.0,10.0,3,0.0021271750330924986,1,0.0,0.0010635875165462493,0,0,0,0.3,90,2.9400063653723776,0,0.3491453015431762,0.8,0.13779388435742798
PG,0.39602328799664976,0.39602328799664976,0.0,10,4.28,40.0,0.0,4,0.0012600280344486237,1,0.0,0.0006300140172243119,0,0,0,0.3,90,2.2199078092152327,0,0.40579534240067,0.8,0.14231602092298484
PGR,0.06583000840619206,0.06583000840619206,0.0,10,4.28,40.0,40.0,1,0.0,0,0.0,0.0,0,0,0,0.3,90,1.6054275817453647,0,0.2918339983187616,0.8,0.025448644314785267
PH,0.22924155602231622,0.22924155602231622,0.0,10,4.28,40.0,30.0,0,0.0,0,0.0,0.0,0,0,0,0.3,90,6.751882112431367,0,0.19915168879553674,0.8,0.09036236777645772
PHM,-0.36976191089488564,-0.36976191089488564,0.0,10,4.28,20.0,60.0,2,-0.007781057804822924,1,0.0,-0.003890528902411462,0,0,0,0.3,90,-1.1481176723971231,0,0.2910476178210229,0.8,-0.13347316266325251
PKG,0.1322020536288619,0.1322020536288619,0.0,10,4.28,40.0,30.0,1,0.0,1,0.0,0.0,0,0,0,0.3,90,12.537629769954314,0,0.27855958927422764,0.8,0.06507716342503313
PLD,0.8851154772564769,0.6398232977371663,0.2452921795193106,6,2.568,80.0,0.0,5,0.004116458147764205,1,0.0,0.0020582290738821027,0,0,0,0.3,90,41.55994700816959,0,0.3679769045487046,0.8,0.3733652749963505
PLTR,0.3021603190805763,0.3021603190805763,0.0,10,4.28,60.0,30.0,0,0.0,0,0.0,0.0,0,0,0,0.3,90,8.601216333622942,0,0.18456793618388473,0.8,0.1186579361786361
PM,0.18121787277050316,0.18121787277050316,0.0,10,4.28,50.0,30.0,3,0.00030388214758464264,1,0.0,0.00015194107379232132,0,0,0,0.3,90,7.0698904172448005,0,0.38875642544589933,0.8,0.07412225573981869
PNC,0.4775920412503183,0.39276329763233664,0.08482874361798165,6,2.568,50.0,10.0,3,0.0,1,0.0,0.0,0,0,0,0.3,90,4.640144317254726,0,0.32948159174993635,0.8,0.17411743091349347
PNR,-0.015092316921800375,-0.015092316921800375,0.0,10,4.28,30.0,30.0,3,0.004081985168159008,1,0.0,0.002040992584079504,0,0,0,0.3,90,4.4976830636665035,0,0.4219815366156399,0.3,0.002688809223317326
PNW,0.4416810355614871,0.4232065108604729,0.018474524701014183,4,1.712,50.0,10.0,1,0.0008508700132369995,0,0.0,0.00042543500661849974,0,0,0,0.3,90,50.0,0,0.2166637928877026,0.8,0.22984362345049159
PODD,-0.10963097866624594,-0.10963097866624594,0.0,10,4.28,20.0,50.0,1,0.002721323445439339,1,0.0,0.0013606617227196695,0,0,0,0.3,90,5.969139052020592,0,0.28307380426675083,0.3,-0.028600736921523387
POOL,0.30242946930229664,0.30242946930229664,0.0,10,4.28,40.0,10.0,3,0.0,1,0.0,0.0,0,0,0,0.3,90,6.181548171524043,0,0.36451410613954066,0.8,0.11512263651308989
PPG,0.24792983000063235,0.31072477605193854,-0.0627949460513062,9,3.852,40.0,10.0,5,0.0,1,0.0,0.0,0,0,0,0.3,90,3.653355989804588,0,0.49541403399987355,0.8,0.0922554744849282
PPL,0.4276806728448719,0.4490724939852953,-0.021391821140423428,4,1.712,60.0,20.0,0,0.0,0,0.0,0.0,0,0,0,0.3,90,-1.2547867344235564,0,0.15946386543102564,0.8,0.14780605539406982
PRU,-0.3269028453570273,-0.3791889504529536,0.052286105095926294,9,3.852,20.0,60.0,3,0.0,1,0.0,0.0,0,0,0,0.3,90,-1.9176583881207527,0,0.35961943092859455,0.8,-0.11729248345714068
PSA,0.3717056331742141,0.2463811525143683,0.12532448065984583,9,3.852,40.0,10.0,4,0.0,1,0.0,0.0,0,0,0,0.3,90,2.1941266697812467,0,0.41065887336515716,0.8,0.13338816161564682
PSKY,0.11773641691543162,0.11773641691543162,0.0,10,4.28,30.0,20.0,4,0.0015194107379232133,0,0.0,0.0007597053689616067,0,0,0,0.3,90,-50.0,0,0.46145271661691367,0.8,-0.033336430858221966
PSX,0.44433298204094174,0.44433298204094174,0.0,10,4.28,60.0,20.0,3,0.0,1,0.0,0.0,0,0,0,0.3,90,50.0,0,0.33613340359181165,0.8,0.2305165437143296
PTC,-0.5130472037320336,-0.24914617505338457,-0.26390102867864906,3,1.4266666666666667,20.0,60.0,0,0.0,0,0.0,0.0,0,0,0,0.3,90,22.7621483375959,0,0.14239055925359329,0.8,-0.1454232987998179
PWR,0.327432694286108,0.327432694286108,0.0,10,4.28,40.0,10.0,1,0.0,1,0.0,0.0,0,0,0,0.3,90,4.686024746981177,0,0.23951346114277838,0.8,0.12163048012060955
PYPL,0.0004291539080440998,0.0004291539080440998,0.0,10,4.28,30.0,30.0,0,0.0,0,0.0,0.0,0,0,0,0.3,90,-4.399191667962069,0,0.2449141692183912,0.8,-0.006448583634127668
QCOM,0.4741903022862971,0.4741903022862971,0.0,10,4.28,60.0,10.0,2,0.0,1,0.0,0.0,0,0,0,0.3,90,3.579553005370502,0,0.2701619395427406,0.8,0.17133593530825972
QQQ,-0.28615590203553437,-0.28615590203553437,0.0,10,4.28,20.0,50.0,0,0.0,0,0.0,0.0,0,0,0,0.3,90,0.0,0,0.1877688195928931,0.8,-0.10015456571243703
RCL,0.046837812568992374,0.046837812568992374,0.0,10,4.28,20.0,20.0,0,0.0021271750330924986,0,0.0,0.0010635875165462493,0,0,0,0.3,90,0.12623056925338136,0,0.23563243748620155,0.8,0.01722073276295515
REG,0.13341261570652327,0.4421258994843811,-0.3087132837778578,3,1.605,60.0,10.0,2,0.0,1,0.0,0.0,0,0,0,0.3,90,9.375753968892258,0,0.33831747685869534,0.8,0.06075804645062153
REGN,-0.06869437852874398,-0.06869437852874398,0.0,10,4.28,40.0,40.0,3,0.0007090583443641662,1,0.0,0.0003545291721820831,0,0,0,0.3,90,6.382620202812234,0,0.4112611242942512,0.3,-0.01425638467753279
RF,0.8248540032655001,0.2111224614083767,0.6137315418571234,2,0.856,40.0,20.0,1,0.004081985168159008,1,0.0,0.002040992584079504,0,0,0,0.3,90,4.356022352386725,0,0.1400291993469,0.8,0.29645753022195276
RJF,0.43678299654275177,0.43678299654275177,0.0,10,4.28,60.0,10.0,1,0.0,1,0.0,0.0,0,0,0,0.3,90,2.4534524641322366,0,0.21764340069144966,0.8,0.15655422748616146
RL,0.10959562920033931,0.10959562920033931,0.0,10,4.28,50.0,40.0,0,0.0,0,0.0,0.0,0,0,0,0.3,90,7.095692239350251,0,0.22308087415993216,0.8,0.049002008579144135
RMD,0.10695556178689003,0.30766291823238134,-0.20070735644549131,6,2.568,40.0,10.0,0,0.0,0,0.0,0.0,0,0,0,0.3,90,3.1521990507060926,0,0.223608887642622,0.8,0.04216274520147065
ROK,-0.015091065627833208,-0.012277540285140276,-0.002813525342692932,9,3.852,20.0,30.0,1,0.0,1,0.0,0.0,0,0,0,0.3,90,10.72993170983121,0,0.30198178687443333,0.8,0.010813024595005192
ROL,0.4017657867632806,0.4017657867632806,0.0,10,4.28,60.0,20.0,2,0.0,1,0.0,0.0,0,0,0,0.3,90,1.3171225937183315,0,0.28464684264734386,0.8,0.14259370925772571
ROP,0.5487179770134389,0.5487179770134389,0.0,10,4.28,70.0,10.0,2,0.0,1,0.0,0.0,0,0,0,0.3,90,3.489978920936464,0,0.2552564045973122,0.8,0.1972862603361083
ROST,0.027882589586079122,-0.0023454908281564713,0.030228080414235595,5,2.14,40.0,50.0,1,0.0,0,0.0,0.0,0,0,0,0.3,90,4.907026148076269,0,0.2994234820827842,0.8,0.017119445577242095
RSG,-0.2858255070168525,0.03294056234881282,-0.3187660693656653,4,1.712,30.0,20.0,0,0.0,0,0.0,0.0,0,0,0,0.3,90,7.941686956841732,0,0.1878348985966295,0.8,-0.08812639702063578
RTX,0.22731982711702586,0.22731982711702586,0.0,10,4.28,40.0,30.0,2,0.0,1,0.0,0.0,0,0,0,0.3,90,16.947537860122868,0,0.3195360345765948,0.8,0.10498324628114335
RVTY,-0.9389885142445564,-0.2505072881985042,-0.6884812260460522,1,0.47555555555555556,20.0,50.0,0,0.0,0,0.0,0.0,0,0,0,0.3,90,7.798252400096375,0,0.05720229715108871,0.8,-0.31694860138545017
SATS,-0.322499578508238,-0.15916452184319496,-0.16333505666504305,6,2.568,30.0,40.0,0,0.0,0,0.0,0.0,0,0,0,0.3,90,-50.0,0,0.1805000842983524,0.8,-0.1878748524778833
SBAC,0.019519431283697486,0.018014895636588334,0.0015045356471091523,4,1.712,40.0,30.0,1,0.0,1,0.0,0.0,0,0,0,0.3,90,-0.2808183850077314,0,0.3010961137432605,0.8,0.0064105733717825224
SBUX,0.5538470404222607,0.5538470404222607,0.0,10,4.28,80.0,10.0,3,0.0,1,0.0,0.0,0,0,0,0.3,90,14.510809820447058,0,0.31423059191554786,0.8,0.21561267887846183
SCHW,-0.38710177354514597,-0.38710177354514597,0.0,10,4.28,10.0,60.0,2,0.0,1,0.0,0.0,0,0,0,0.3,90,2.481044590004147,0,0.2875796452909708,0.8,-0.13176405385579487
SHOP,0.049805153347551825,0.049805153347551825,0.0,10,4.28,40.0,30.0,1,0.0,0,0.0,0.0,0,0,0,0.3,90,-5.710413106252586,0,0.2950389693304896,0.8,0.008866184012264256
SHW,0.1755327212624252,0.1755327212624252,0.0,10,4.28,50.0,30.0,3,0.0,1,0.0,0.0,0,0,0,0.3,90,3.5620953917071083,0,0.38989345574751494,0.8,0.06677959552940949
SJM,-0.12555482098832726,-0.12555482098832726,0.0,10,4.28,30.0,60.0,0,0.0,0,0.0,0.0,0,0,0,0.3,90,5.176170084892193,0,0.21988903580233454,0.8,-0.03617993221857625
SLB,0.3746512641198933,0.3746512641198933,0.0,10,4.28,60.0,20.0,3,0.0,1,0.0,0.0,0,0,0,0.3,90,1.1279657720731286,0,0.3500697471760213,0.8,0.13281989110007236
SMCI,-0.03260526629164815,-0.03260526629164815,0.0,10,4.28,30.0,40.0,1,0.0,1,0.0,0.0,0,0,0,0.3,90,41.42532128143638,0,0.29847894674167036,0.8,0.05072613872007772
SMH,0.5688123705072535,0.4229948440566659,0.14581752645058765,9,3.852,60.0,10.0,0,0.0,0,0.0,0.0,0,0,0,0.3,90,0.0,0,0.1312375258985493,0.8,0.19908432967753872
SNA,0.4966956396587193,0.4966956396587193,0.0,10,4.28,60.0,0.0,2,0.0,1,0.0,0.0,0,0,0,0.3,90,-1.2371676757041297,0,0.2656608720682561,0.8,0.17198772236699555
SNPS,0.13971179444342852,0.13042453145608307,0.009287262987345446,9,3.852,30.0,20.0,1,0.0,1,0.0,0.0,0,0,0,0.3,90,5.982531155209594,0,0.2770576411113143,0.8,0.05787292478801437
SO,0.1018648146548205,0.1553387500345707,-0.053473935379750204,9,3.852,50.0,30.0,0,0.0,0,0.0,0.0,0,0,0,0.3,90,-1.3700595366186035,0,0.22462703706903592,0.8,0.033597595824259266
SOLV,-0.04715163283981383,0.19117274014279245,-0.23832437298260628,4,1.712,30.0,10.0,0,0.0,0,0.0,0.0,0,0,0,0.3,90,5.000568474415307,0,0.23556967343203722,0.8,-0.009002218782311878
SOXX,-0.07776513220742345,-0.07776513220742345,0.0,10,4.28,30.0,40.0,0,0.0,0,0.0,0.0,0,0,0,0.3,90,0.0,0,0.22944697355851534,0.8,-0.027217796272598207
SPG,0.14428825937211515,0.14428825937211515,0.0,10,4.28,40.0,10.0,0,0.0021271750330924986,0,0.0,0.0010635875165462493,0,0,0,0.3,90,-47.1046403794601,0,0.21614234812557698,0.8,-0.0195179172790221
SPGI,0.5727191041223705,0.5727191041223705,0.0,10,4.28,60.0,10.0,2,0.0,1,0.0,0.0,0,0,0,0.3,90,3.1751798299789225,0,0.2504561791755259,0.8,0.20521445618779804
SPY,0.11250595897436141,0.11250595897436141,0.0,10,4.28,30.0,20.0,0,0.0,0,0.0,0.0,0,0,0,0.3,90,0.0,0,0.22249880820512774,0.8,0.039377085641026495
SRE,0.31242797430604696,0.31242797430604696,0.0,10,4.28,60.0,30.0,1,0.0,1,0.0,0.0,0,0,0,0.3,90,9.196382869817448,0,0.24251440513879063,0.8,0.12314436531184261
STE,0.024565186351537704,-0.08129642025700637,0.10586160660854407,1,0.6114285714285714,30.0,50.0,1,0.0,0,0.0,0.0,0,0,0,0.3,90,-0.09871668311946262,0,0.30008696272969243,0.8,0.008449740198359002
STLD,0.39374422952532767,0.47931715184822676,-0.08557292232289909,5,2.14,60.0,10.0,2,0.0021271750330924986,1,0.0,0.0010635875165462493,0,0,0,0.3,90,-0.19207639973433893,0,0.28625115409493446,0.8,0.1381605182441909
STT,0.28553462256160045,0.3504256134852767,-0.06489099092367623,9,3.852,50.0,10.0,4,0.0,1,0.0,0.0,0,0,0,0.3,90,7.461376338064409,0,0.4278930754876799,0.8,0.11112918240365677
STX,0.4531737448647618,0.4531737448647618,0.0,10,4.28,70.0,20.0,2,0.0,1,0.0,0.0,0,0,0,0.3,90,16.55508649240258,0,0.2743652510270476,0.8,0.18344344044127048
STZ,0.8441904727369547,0.5987650877796113,0.24542538495734334,4,1.712,70.0,0.0,2,0.0,0,0.0,0.0,0,0,0,0.3,90,10.79040205253797,0,0.19616190545260903,0.8,0.31165226853674105
SW,-0.6774338162504137,-0.5368919800035655,-0.14054183624684813,4,1.712,10.0,70.0,0,0.0021271750330924986,0,0.0,0.0010635875165462493,0,0,0,0.3,90,-42.9959595959596,0,0.10951323674991727,0.3,-0.3009576225716564
SWK,0.14867385672405362,0.14867385672405362,0.0,10,4.28,30.0,10.0,5,0.0,1,0.0,0.0,0,0,0,0.3,90,34.60308914089579,0,0.5152652286551893,0.8,0.10394048356476243
SWKS,0.30979434703476727,0.15743465069681406,0.1523596963379532,8,3.424,60.0,40.0,0,0.0014181166887283325,0,0.0,0.0007090583443641662,0,0,0,0.3,90,10.082561921441089,0,0.18304113059304655,0.8,0.12397729935094867
SYF,0.15910873546575507,0.1588843039236963,0.0002244315420587839,6,2.568,50.0,40.0,3,0.0,1,0.0,0.0,0,0,0,0.3,90,5.094538787755336,0,0.393178252906849,0.8,0.06332986559464727
SYK,0.20753601575270295,0.20753601575270295,0.0,10,4.28,40.0,10.0,1,0.004081985168159008,0,0.0,0.002040992584079504,0,0,0,0.3,90,1.697691667159596,0,0.2634927968494594,0.8,0.07640873856463312
SYY,0.30190885877236723,0.30190885877236723,0.0,10,4.28,50.0,20.0,4,0.0005317937582731247,1,0.0,0.0002658968791365623,0,0,0,0.3,90,-0.39418471580554154,0,0.42461822824552653,0.8,0.10523636162410215
T,0.218365647085011,0.218365647085011,0.0,10,4.28,30.0,10.0,3,-0.032094803452491764,1,0.0,-0.016047401726245882,0,0,0,0.3,90,3.423874584943651,0,0.3813268705829978,0.3,0.07193534732142179
TAP,0.10544104827567935,0.10544104827567935,0.0,10,4.28,40.0,30.0,0,0.0021271750330924986,0,0.0,0.0010635875165462493,0,0,0,0.3,90,4.9463559329384035,0,0.22391179034486414,0.8,0.04496205330582312
TDG,-0.04029932618141174,0.11191179929301143,-0.15221112547442317,4,1.712,30.0,20.0,4,0.0,1,0.0,0.0,0,0,0,0.3,90,2.346635494260888,0,0.4769401347637176,0.8,-0.010584810922102778
TDY,0.660994165783955,0.5951566237024963,0.06583754208145864,9,3.852,70.0,0.0,3,0.0,1,0.0,0.0,0,0,0,0.3,90,5.9672342003767245,0,0.292801166843209,0.8,0.24029880932494932
TEAM,-0.17464697072282434,-0.17464697072282434,0.0,10,4.28,20.0,50.0,0,0.0,0,0.0,0.0,0,0,0,0.3,90,6.629375518944192,0,0.21007060585543513,0.8,-0.05118237647457223
TECH,0.11703588161617517,-0.0490247025154531,0.16606058413162827,2,0.856,30.0,40.0,0,0.0,0,0.0,0.0,0,0,0,0.3,90,5.839584004417656,0,0.22159282367676497,0.8,0.04972193457228779
TEL,0.4000940741971135,0.4000940741971135,0.0,10,4.28,70.0,30.0,2,0.001595381274819374,1,0.0,0.000797690637409687,0,0,0,0.3,90,1.1298388590479709,0,0.2849811851605773,0.8,0.1422062986400075
TER,0.0722208647057414,0.0722208647057414,0.0,10,4.28,40.0,30.0,1,0.0,1,0.0,0.0,0,0,0,0.3,90,20.934407256064443,0,0.29055582705885175,0.8,0.056678913531106156
TFC,0.1713643771596253,0.1713643771596253,0.0,10,4.28,40.0,30.0,2,0.0,1,0.0,0.0,0,0,0,0.3,90,9.396013569120218,0,0.3307271245680749,0.8,0.07407155235954918
TGT,0.18143225768581034,0.18143225768581034,0.0,10,4.28,40.0,20.0,0,0.0,0,0.0,0.0,0,0,0,0.3,90,12.973946541098897,0,0.20871354846283796,0.8,0.08296221000168195
TJX,0.3756740510995899,0.09738044645637274,0.2782936046432172,7,2.996,30.0,30.0,1,0.0,0,0.0,0.0,0,0,0,0.3,90,14.109082505199904,0,0.22986518978008202,0.8,0.15264954164265632
TKO,0.6317948149517179,0.41003923313692214,0.2217555818147957,4,1.712,60.0,20.0,0,0.0,0,0.0,0.0,0,0,0,0.3,90,-50.0,0,0.11864103700965643,0.8,0.14612818523310123
TMO,0.3258487034589052,0.3258487034589052,0.0,10,4.28,50.0,10.0,1,0.0,1,0.0,0.0,0,0,0,0.3,90,3.794608785908372,0,0.23983025930821894,0.8,0.11973895938947937
TMUS,0.4628754223231226,0.4628754223231226,0.0,10,4.28,70.0,10.0,4,0.0026233006800924024,1,0.0,0.0013116503400462012,0,0,0,0.3,90,15.273482528704111,0,0.39242491553537545,0.8,0.18570361181017678
TPL,0.18956539407372475,0.29880280140787363,-0.10923740733414888,3,1.284,40.0,10.0,1,0.0021271750330924986,0,0.0,0.0,0,0,0,0.3,90,-50.0,0,0.26708692118525507,0.8,-0.008013959564268591
TPR,0.3550673574209213,0.46165037574246526,-0.10658301832154393,8,3.424,70.0,20.0,1,0.0,0,0.0,0.0,0,0,0,0.3,90,20.671092768706256,0,0.23398652851581575,0.8,0.15528021425038183
TRGP,0.05684135978420576,0.41017109190579504,-0.3533297321215893,3,1.605,50.0,20.0,0,0.0,0,0.0,0.0,0,0,0,0.3,90,12.121477807420785,0,0.23363172804315885,0.8,0.03807669263560319
TRI,-0.045769288949668405,-0.22251906152814627,0.17674977257847785,5,2.14,30.0,50.0,3,0.0,0,0.0,0.0,0,0,0,0.3,90,0.7466551168943659,0,0.4158461422100663,0.8,-0.014899268457042394
TRMB,0.34116834960877895,0.06744589128841956,0.2737224583203594,3,2.14,40.0,30.0,0,0.0,0,0.0,0.0,0,0,0,0.3,90,4.099435781058063,0,0.17676633007824422,0.8,0.1255580760346597
TROW,0.05878530661575496,0.05878530661575496,0.0,10,4.28,20.0,20.0,1,0.0,1,0.0,0.0,0,0,0,0.3,90,-0.9884919411125062,0,0.29324293867684903,0.8,0.019092119403845476
TRV,0.22158837504684925,0.22158837504684925,0.0,10,4.28,40.0,40.0,2,0.0,1,0.0,0.0,0,0,0,0.3,90,8.925382580980582,0,0.32068232499063015,0.8,0.0909440051378681
TSCO,-0.042949430737644435,-0.042949430737644435,0.0,10,4.28,40.0,40.0,1,0.007844314724206923,1,0.0,0.003922157362103462,0,0,0,0.3,90,-8.954741695791364,0,0.2964101138524711,0.3,-0.02611111888460052
TSLA,0.11647815247997642,0.11647815247997642,0.0,10,4.28,30.0,20.0,3,0.0,1,0.0,0.0,0,0,0,0.3,90,17.14620417726219,0,0.40170436950400473,0.8,0.06648665963388503
TSN,-0.1536930332891643,-0.1536930332891643,0.0,10,4.28,30.0,40.0,1,0.0003545291721820831,0,0.0,0.00017726458609104156,0,0,0,0.3,90,3.0840187889221804,0,0.27426139334216715,0.3,-0.04906017471616961
TT,0.2234459719620645,0.2234459719620645,0.0,10,4.28,30.0,20.0,1,0.0,1,0.0,0.0,0,0,0,0.3,90,1.629988664347413,0,0.2603108056075871,0.8,0.08065107318324369
TTD,0.06393543413529794,-0.025231194216758013,0.08916662835205595,9,3.852,40.0,40.0,2,0.0,1,0.0,0.0,0,0,0,0.3,90,1.6662933158719961,0,0.3522129131729404,0.8,0.02487684192116227
TTWO,-0.20654320398656031,0.2054407185409218,-0.4119839225274821,6,2.568,60.0,30.0,0,0.0,0,0.0,0.0,0,0,0,0.3,90,-28.557838171393314,0,0.20369135920268794,0.8,-0.11512687865238608
TXN,0.34057030668482186,0.34057030668482186,0.0,10,4.28,50.0,10.0,3,0.0,1,0.0,0.0,0,0,0,0.3,90,22.75676623604372,0,0.3568859386630356,0.8,0.1533347566937532
TXT,-0.1022891872562468,-0.1022891872562468,0.0,10,4.28,20.0,50.0,0,0.0,0,0.0,0.0,0,0,0,0.3,90,1.5252257909284546,0,0.22454216254875065,0.8,-0.0335133768532937
TYL,0.0837744951248169,0.22349440477167568,-0.13971990964685876,5,3.566666666666667,30.0,30.0,3,0.0,1,0.0,0.0,0,0,0,0.3,90,2.731869819770402,0,0.4082451009750366,0.8,0.033418878023341515
UAL,-0.6398063266649843,-0.6398063266649843,0.0,10,4.28,0.0,80.0,3,0.001595381274819374,1,0.0,0.000797690637409687,0,0,0,0.3,90,9.97643362136685,0,0.29703873466700315,0.3,-0.2084889495182484
UBER,-0.10457634283229708,-0.10457634283229708,0.0,10,4.28,10.0,30.0,0,0.0,0,0.0,0.0,0,0,0,0.3,90,-50.0,0,0.22408473143354057,0.8,-0.11160171999130397
UDR,0.5172784832927088,0.24849721489267218,0.2687812684000366,6,2.8533333333333335,50.0,30.0,1,0.0,1,0.0,0.0,0,0,0,0.3,90,50.0,0,0.20154430334145823,0.8,0.256047469152448
UHS,0.37756254989653826,0.37756254989653826,0.0,10,4.28,60.0,20.0,2,0.0,1,0.0,0.0,0,0,0,0.3,90,2.9464293891906235,0,0.28948749002069235,0.8,0.1365665365475743
ULTA,-0.24788036998361349,-0.24788036998361349,0.0,10,4.28,10.0,60.0,0,0.0,0,0.0,0.0,0,0,0,0.3,90,-0.2066880206912371,0,0.1954239260032773,0.8,-0.08706816152530157
UNH,0.5378334514796734,0.5378334514796734,0.0,10,4.28,70.0,10.0,1,0.0,1,0.0,0.0,0,0,0,0.3,90,9.516250212064675,0,0.1974333097040653,0.8,0.2025160833359827
UNP,0.48291329871863126,0.48291329871863126,0.0,10,4.28,60.0,10.0,2,0.0,1,0.0,0.0,0,0,0,0.3,90,2.4249902993396613,0,0.26841734025627373,0.8,0.17265714000053042
UPS,-0.06202192986384034,-0.06202192986384034,0.0,10,4.28,30.0,40.0,1,0.0,1,0.0,0.0,0,0,0,0.3,90,4.8402900254752215,0,0.29259561402723194,0.8,-0.014447240414131288
URI,0.750650129839778,0.750650129839778,0.0,10,4.28,80.0,0.0,2,0.0,1,0.0,0.0,0,0,0,0.3,90,8.62779931937022,0,0.2148699740320444,0.8,0.27566924442297763
USB,0.05433996692299843,0.13090269453823566,-0.07656272761523723,5,2.14,30.0,30.0,3,0.0,1,0.0,0.0,0,0,0,0.3,90,3.411710061608833,0,0.4141320066154003,0.8,0.0241365535154627
V,0.27756156139075755,0.27756156139075755,0.0,10,4.28,60.0,20.0,2,0.0,1,0.0,0.0,0,0,0,0.3,90,6.789695278346865,0,0.3094876877218485,0.8,0.10733108940428544
VICI,0.1795060496777296,0.1795060496777296,0.0,10,4.28,20.0,10.0,3,0.0,1,0.0,0.0,0,0,0,0.3,90,-19.114285714285703,0,0.3890987900644541,0.8,0.0341556888157768
VLO,0.33457768550142647,0.33457768550142647,0.0,10,4.28,50.0,20.0,0,0.0,0,0.0,0.0,0,0,0,0.3,90,16.946174145711257,0,0.17808446289971475,0.8,0.14252145114406614
VLTO,0.4617215361446142,0.4617215361446142,0.0,10,4.28,50.0,0.0,2,0.0,1,0.0,0.0,0,0,0,0.3,90,6.408369465770322,0,0.27265569277107715,0.8,0.17121509184927045
VMC,0.16898805033415557,0.16898805033415557,0.0,10,4.28,40.0,20.0,2,0.0,1,0.0,0.0,0,0,0,0.3,90,22.345776351920847,0,0.3312023899331689,0.8,0.09266448214483572
VOO,0.1304899868555367,0.1304899868555367,0.0,10,4.28,20.0,10.0,0,0.0,0,0.0,0.0,0,0,0,0.3,90,0.0,0,0.21890200262889264,0.8,0.04567149539943784
VRSK,0.20355204306542873,0.20355204306542873,0.0,10,4.28,40.0,20.0,2,0.0010635875165462493,1,0.0,0.0005317937582731247,0,0,0,0.3,90,4.665673684634283,0,0.3242895913869142,0.8,0.07856080185481534
VRSN,0.40802047576289624,0.3430885228328407,0.06493195293005555,8,3.424,40.0,0.0,2,0.0,1,0.0,0.0,0,0,0,0.3,90,4.203776273601702,0,0.2833959048474207,0.8,0.14911283092741623
VRT,0.7395517978351563,0.7395517978351563,0.0,10,4.28,80.0,0.0,4,0.0,1,0.0,0.0,0,0,0,0.3,90,15.66979733069697,0,0.3370896404329687,0.8,0.2823478252383501
VRTX,-0.19905470535159112,-0.19905470535159112,0.0,10,4.28,30.0,50.0,2,0.0,1,0.0,0.0,0,0,0,0.3,90,-2.2999333774893587,0,0.3251890589296818,0.8,-0.07311904693929093
VST,0.4353018816826599,0.3191640542820096,0.11613782740065026,7,2.996,40.0,10.0,1,0.0,1,0.0,0.0,0,0,0,0.3,90,-50.0,0,0.21793962366346803,0.8,0.07735565858893094
VTR,0.5428702029399574,0.5428702029399574,0.0,10,4.28,70.0,0.0,2,0.0010635875165462493,1,0.0,0.0005317937582731247,0,0,0,0.3,90,-1.4000000000000123,0,0.2564259594120085,0.8,0.18822364728394894
VTRS,0.931339236907661,0.3327996256761253,0.5985396112315357,1,0.428,40.0,20.0,0,0.0,0,0.0,0.0,0,0,0,0.3,90,7.389125438034576,0,0.05873215261846781,0.8,0.33705242107473316
VZ,0.306974337156862,0.306974337156862,0.0,10,4.28,50.0,20.0,1,0.0,1,0.0,0.0,0,0,0,0.3,90,5.811358187980494,0,0.2436051325686276,0.8,0.11615805528687244
WAB,0.5231124160604345,0.47719642650336025,0.04591598955707421,9,3.852,60.0,0.0,2,0.0,1,0.0,0.0,0,0,0,0.3,90,7.551632721095995,0,0.2603775167879131,0.8,0.19441679470279605
WAT,0.3038701673503965,0.29472620370797814,0.009143963642418373,4,1.712,60.0,30.0,0,0.0,0,0.0,0.0,0,0,0,0.3,90,0.45882851256622625,0,0.18422596652992068,0.8,0.10704280134148811
WBD,-0.06296273139305412,-0.06296273139305412,0.0,10,4.28,10.0,30.0,1,0.0,1,0.0,0.0,0,0,0,0.3,90,-50.0,0,0.2924074537213892,0.8,-0.09703695598756894
WDAY,0.022199564846232533,0.022199564846232533,0.0,10,4.28,40.0,40.0,1,0.0,1,0.0,0.0,0,0,0,0.3,90,6.409102070884845,0,0.3005600870307535,0.8,0.017383500802508653
WDC,0.732686335593462,0.732686335593462,0.0,10,4.28,90.0,0.0,0,0.0,0,0.0,0.0,0,0,0,0.3,90,10.469156803966513,0,0.09846273288130761,0.8,0.2721439526636614
WEC,0.4171841438593609,0.4828148101456463,-0.06563066628628539,7,2.996,60.0,10.0,1,0.0003545291721820831,0,0.0,0.00017726458609104156,0,0,0,0.3,90,-29.93708783866751,0,0.2215631712281278,0.8,0.10121517734442968
WELL,0.2639664990827441,0.2639664990827441,0.0,10,4.28,30.0,10.0,3,0.0,1,0.0,0.0,0,0,0,0.3,90,9.38000000000001,0,0.37220670018345114,0.8,0.10645827467896045
WFC,-0.11815129648894071,-0.11815129648894071,0.0,10,4.28,30.0,50.0,2,0.0021271750330924986,0,0.0,0.0010635875165462493,0,0,0,0.3,90,1.050291466934459,0,0.3413697407022119,0.3,-0.03913936406079981
WM,-0.05291192699223757,-0.05291192699223757,0.0,10,4.28,10.0,30.0,2,0.0021271750330924986,1,0.0,0.0010635875165462493,0,0,0,0.3,90,3.9793649790605055,0,0.35441761460155247,0.3,-0.01191197446876464
WMB,0.06159553211182356,0.14273764118552207,-0.08114210907369851,9,3.852,40.0,30.0,0,0.0,0,0.0,0.0,0,0,0,0.3,90,-1.3682908021447762,0,0.23268089357763527,0.8,0.01950600003592108
WMT,0.5008277889341116,0.5008277889341116,0.0,10,4.28,60.0,0.0,0,0.0,0,0.0,0.0,0,0,0,0.3,90,1.7881705639614873,0,0.14483444221317768,0.8,0.17797198197288128
WRB,-0.2723190144635737,-0.2723190144635737,0.0,10,4.28,20.0,70.0,1,0.0,1,0.0,0.0,0,0,0,0.3,90,14.125186550785712,0,0.25053619710728525,0.8,-0.07412387523607222
WSM,-0.05705571500584483,0.05324853174388409,-0.11030424674972891,8,3.424,20.0,30.0,0,0.0,0,0.0,0.0,0,0,0,0.3,90,4.462328272866593,0,0.23358885699883103,0.8,-0.013276007842745803
WST,0.6568377334624529,0.6568377334624529,0.0,10,4.28,70.0,0.0,2,0.0,1,0.0,0.0,0,0,0,0.3,90,27.067835133958134,0,0.23363245330750942,0.8,0.2704949594127957
WTW,0.5502037588739768,0.19526841305196285,0.3549353458220139,4,1.712,30.0,20.0,0,0.0,0,0.0,0.0,0,0,0,0.3,90,2.369630006908683,0,0.13495924822520466,0.8,0.1961257606162549
WY,0.19561790126479334,0.20815135566517712,-0.012533454400383781,9,3.852,40.0,20.0,0,0.005442646890878678,0,0.0,0.002721323445439339,0,0,0,0.3,90,30.78520341459664,0,0.20587641974704135,0.8,0.11627686463183623
WYNN,0.037254657596349716,-0.12191267162561417,0.1591673292219639,1,0.428,20.0,30.0,0,0.0,0,0.0,0.0,0,0,0,0.3,90,-20.703770976224686,0,0.23754906848073004,0.8,-0.01801652630561463
XBI,0.3214579615741968,0.16763306196246827,0.15382489961172854,3,1.8342857142857145,40.0,10.0,0,0.0,0,0.0,0.0,0,0,0,0.3,90,0.0,0,0.18070840768516067,0.8,0.11251028655096888
XEL,0.13230766608778918,0.19287948394194246,-0.060571817854153276,7,2.996,40.0,30.0,0,0.0,0,0.0,0.0,0,0,0,0.3,90,0.06149612782855916,0,0.21853846678244215,0.8,0.04639992732246905
XLV,-0.18707397961989045,-0.18707397961989045,0.0,10,4.28,40.0,60.0,0,0.0,0,0.0,0.0,0,0,0,0.3,90,0.0,0,0.20758520407602193,0.8,-0.06547589286696165
XOM,-0.06205046009272337,-0.06205046009272337,0.0,10,4.28,20.0,40.0,2,0.001595381274819374,0,0.0,0.000797690637409687,0,0,0,0.3,90,1.1223994985275159,0,0.35258990798145534,0.3,-0.01955544740221609
XYL,0.2874908045865595,0.2874908045865595,0.0,10,4.28,50.0,20.0,2,0.0,1,0.0,0.0,0,0,0,0.3,90,3.303879429615026,0,0.3075018390826881,0.8,0.10557760074971836
XYZ,0.3489016258623451,0.3489016258623451,0.0,10,4.28,50.0,10.0,0,0.0,0,0.0,0.0,0,0,0,0.3,90,0.1540832049306627,0,0.17521967482753098,0.8,0.12234669385921676
YUM,0.5277237076312303,0.5277237076312303,0.0,10,4.28,70.0,10.0,2,0.0,1,0.0,0.0,0,0,0,0.3,90,7.954054754296568,0,0.25945525847375395,0.8,0.19663437980237547
ZBH,0.2352035759948194,0.2352035759948194,0.0,10,4.28,50.0,20.0,2,0.0,1,0.0,0.0,0,0,0,0.3,90,12.205728397712933,0,0.31795928480103614,0.8,0.10062984419475618
ZBRA,0.056473988108336926,0.015310537861660123,0.0411634502466768,2,0.856,40.0,40.0,0,0.0,0,0.0,0.0,0,0,0,0.3,90,-0.1091186763650872,0,0.23370520237833264,0.8,0.01960221782337029
ZS,0.4899034922011197,0.4899034922011197,0.0,10,4.28,70.0,10.0,1,0.0,1,0.0,0.0,0,0,0,0.3,90,12.562410841654783,0,0.20701930155977605,0.8,0.19030983853287406
ZTS,-0.42557543236762285,-0.0011836098507046699,-0.4243918225169182,3,1.284,30.0,40.0,0,0.0,0,0.0,0.0,0,0,0,0.3,90,5.4754591389496605,0,0.15988491352647544,0.8,-0.1407382126202435
